date,HDD,CDD
2019-12-31,29.976190476190474,0
2020-01-01,28.96153846153846,0
2020-01-02,28.87916666666667,0
2020-01-03,21.916666666666664,0
2020-01-04,23.962962962962962,0
2020-01-05,28.75333333333333,0
2020-01-06,36.292,0
2020-01-07,30.8125,0
2020-01-08,31.104,0
2020-01-09,39.525,0
2020-01-10,29.9,0
2020-01-11,8.083333333333329,0
2020-01-12,1.53846153846154,0
2020-01-13,30,0
2020-01-14,28.68292682926829,0
2020-01-15,24.516129032258064,0
2020-01-16,29.035294117647062,0
2020-01-17,43.516666666666666,0
2020-01-18,49.54615384615384,0
2020-01-19,39.73714285714286,0
2020-01-20,42.488461538461536,0
2020-01-21,47.75,0
2020-01-22,46.75,0
2020-01-23,39.12083333333334,0
2020-01-24,32.676923076923075,0
2020-01-25,26.92307692307692,0
2020-01-26,22.08,0
2020-01-27,25.5,0
2020-01-28,27.125,0
2020-01-29,31.104166666666664,0
2020-01-30,39.12083333333334,0
2020-01-31,35.225,0
2020-02-01,32.714285714285715,0
2020-02-02,29.625,0
2020-02-03,30.366666666666667,0
2020-02-04,29.43076923076923,0
2020-02-05,27.37916666666667,0
2020-02-06,33.66415094339622,0
2020-02-07,31.118367346938776,0
2020-02-08,37.329166666666666,0
2020-02-09,40.93703703703704,0
2020-02-10,25.5,0
2020-02-11,29.68163265306122,0
2020-02-12,26.799999999999997,0
2020-02-13,30.03333333333333,0
2020-02-14,36.44,0
2020-02-15,49.666666666666664,0
2020-02-16,33.68333333333334,0
2020-02-17,30.491666666666667,0
2020-02-18,32.78666666666667,0
2020-02-19,26.884615384615387,0
2020-02-20,37.38333333333333,0
2020-02-21,43.10416666666667,0
2020-02-22,32.391666666666666,0
2020-02-23,27.991666666666667,0
2020-02-24,23.87083333333333,0
2020-02-25,17.916666666666664,0
2020-02-26,21.119999999999997,0
2020-02-27,21.432432432432435,0
2020-02-28,32.34,0
2020-02-29,36.6375,0
2020-03-01,39.80833333333334,0
2020-03-02,29.704166666666666,0
2020-03-03,11.439999999999998,0
2020-03-04,16.785714285714285,0
2020-03-05,21.666666666666664,0
2020-03-06,28.426923076923075,0
2020-03-07,27.46923076923077,0
2020-03-08,25.549999999999997,0
2020-03-09,10.416666666666671,0
2020-03-10,5.240000000000002,0
2020-03-11,13.625,0
2020-03-12,26.045833333333334,0
2020-03-13,16.012500000000003,0
2020-03-14,18.840000000000003,0
2020-03-15,22.5,0
2020-03-16,34.13333333333333,0
2020-03-17,26.932258064516127,0
2020-03-18,22.204,0
2020-03-19,22.50625,0
2020-03-20,16.48387096774193,0
2020-03-21,16.45833333333333,0
2020-03-22,33.175,0
2020-03-23,32.29677419354839,0
2020-03-24,26.18181818181818,0
2020-03-25,25.148148148148145,0
2020-03-26,23.657692307692308,0
2020-03-27,12.166666666666664,0
2020-03-28,20.96666666666667,0
2020-03-29,21.809756097560978,0
2020-03-30,24.15151515151515,0
2020-03-31,26.671794871794873,0
2020-04-01,28.258333333333333,0
2020-04-02,21.304347826086953,0
2020-04-03,20.674999999999997,0
2020-04-04,19.82941176470588,0
2020-04-05,17.333333333333336,0
2020-04-06,14.964285714285715,0
2020-04-07,12.666666666666671,0
2020-04-08,17,0
2020-04-09,20.06896551724138,0
2020-04-10,22.04,0
2020-04-11,21.791666666666664,0
2020-04-12,19.299999999999997,0
2020-04-13,8,0
2020-04-14,10.92307692307692,0
2020-04-15,18.083333333333336,0
2020-04-16,26.611111111111114,0
2020-04-17,24.04,0
2020-04-18,27.348837209302324,0
2020-04-19,21.696551724137933,0
2020-04-20,16.791666666666664,0
2020-04-21,23.00333333333333,0
2020-04-22,25.958333333333336,0
2020-04-23,21.754166666666663,0
2020-04-24,20.416666666666664,0
2020-04-25,19.940000000000005,0
2020-04-26,18.240000000000002,0
2020-04-27,23.55238095238095,0
2020-04-28,21.299999999999997,0
2020-04-29,22.48620689655172,0
2020-04-30,17.583333333333336,0
2020-05-01,8.450000000000003,0
2020-05-02,5.92307692307692,0
2020-05-03,0,0.5833333333333286
2020-05-04,2.4583333333333357,0
2020-05-05,14,0
2020-05-06,17.833333333333336,0
2020-05-07,15.5625,0
2020-05-08,14.083333333333336,0
2020-05-09,24.333333333333336,0
2020-05-10,19.41666666666667,0
2020-05-11,15.266666666666666,0
2020-05-12,16.166666666666664,0
2020-05-13,16.54166666666667,0
2020-05-14,10.916666666666671,0
2020-05-15,0.13793103448276156,0
2020-05-16,0.8774193548387075,0
2020-05-17,7.833333333333329,0
2020-05-18,5.75,0
2020-05-19,11.5,0
2020-05-20,11.416666666666671,0
2020-05-21,5.583333333333329,0
2020-05-22,0,3.3333333333333286
2020-05-23,0.0799999999999983,0
2020-05-24,12.541666666666671,0
2020-05-25,11.024999999999999,0
2020-05-26,3.696000000000005,0
2020-05-27,0,7.107142857142861
2020-05-28,0,7.851851851851848
2020-05-29,0,10.151515151515156
2020-05-30,0,8.165714285714287
2020-05-31,2.375,0
2020-06-01,11.916666666666671,0
2020-06-02,8.399999999999999,0
2020-06-03,0,2.25
2020-06-04,0,1.9297297297297291
2020-06-05,0,9.807692307692307
2020-06-06,0,11.331034482758625
2020-06-07,0.961538461538467,0
2020-06-08,0,0.041666666666671404
2020-06-09,0,0.3333333333333286
2020-06-10,0,2.7083333333333286
2020-06-11,0,2.682926829268297
2020-06-12,0,6.673684210526318
2020-06-13,0,0.7083333333333286
2020-06-14,3.4166666666666714,0
2020-06-15,4.56666666666667,0
2020-06-16,1.4166666666666714,0
2020-06-17,0.125,0
2020-06-18,0,7.57692307692308
2020-06-19,0,12.392857142857139
2020-06-20,0,15.25
2020-06-21,0,14.340740740740742
2020-06-22,0,8.407407407407405
2020-06-23,0,9.451612903225808
2020-06-24,0,11.527272727272731
2020-06-25,0,7.875
2020-06-26,0,10.208333333333329
2020-06-27,0,6
2020-06-28,0,4.938888888888883
2020-06-29,0,4.06511627906977
2020-06-30,0,2.299999999999997
2020-07-01,0,3.8842105263157833
2020-07-02,0,4.072340425531905
2020-07-03,0,5.377142857142857
2020-07-04,0,4.566666666666663
2020-07-05,0,8.13333333333334
2020-07-06,0,5.066666666666663
2020-07-07,0,6
2020-07-08,0,9.78125
2020-07-09,0,15.461538461538467
2020-07-10,0,12.07142857142857
2020-07-11,0,14.714285714285708
2020-07-12,0,15.544827586206893
2020-07-13,0,12.310344827586206
2020-07-14,0,5.057142857142864
2020-07-15,0,3.0250000000000057
2020-07-16,0,0.8333333333333286
2020-07-17,0,0.35625000000000284
2020-07-18,0,4.891304347826093
2020-07-19,0,16.95833333333333
2020-07-20,0,19.20833333333333
2020-07-21,0,15.916666666666671
2020-07-22,0,8.583333333333329
2020-07-23,0,9.424489795918362
2020-07-24,0,11.233333333333334
2020-07-25,0,8.099999999999994
2020-07-26,0,14.458333333333329
2020-07-27,0,18.83333333333333
2020-07-28,0,20.375
2020-07-29,0,12.875
2020-07-30,0,13.93103448275862
2020-07-31,0,11.083333333333329
2020-08-01,0,10.458333333333329
2020-08-02,0,11.962962962962962
2020-08-03,0,16
2020-08-04,0,12.379310344827587
2020-08-05,0,13.666666666666671
2020-08-06,0,7.791666666666671
2020-08-07,0,4.666666666666671
2020-08-08,0,8.041666666666671
2020-08-09,0,12.958333333333329
2020-08-10,0,16.75
2020-08-11,0,17.875
2020-08-12,0,17.538461538461533
2020-08-13,0,12.708333333333329
2020-08-14,0,9.791666666666671
2020-08-15,0,2.3461538461538396
2020-08-16,0,2.5
2020-08-17,0,1.8888888888888857
2020-08-18,0,7.096774193548384
2020-08-19,0,1.5259259259259323
2020-08-20,3.060869565217395,0
2020-08-21,0,8
2020-08-22,0,9.482758620689651
2020-08-23,0,3.3370370370370352
2020-08-24,0,10.615384615384613
2020-08-25,0,11.900000000000006
2020-08-26,0,2.8333333333333286
2020-08-27,4.678571428571431,0
2020-08-28,0,0.9393939393939377
2020-08-29,0,3.4545454545454533
2020-08-30,0,5.75
2020-08-31,3,0
2020-09-01,0,1.3333333333333286
2020-09-02,0.7666666666666657,0
2020-09-03,0,7.794285714285721
2020-09-04,0,8.75
2020-09-05,0,0.2916666666666714
2020-09-06,0,1.6400000000000006
2020-09-07,0,4.958333333333329
2020-09-08,0,4.529411764705884
2020-09-09,0,6.193548387096769
2020-09-10,0,10.090909090909093
2020-09-11,0,2.0714285714285694
2020-09-12,8.529411764705884,0
2020-09-13,7.833333333333329,0
2020-09-14,0,3.680000000000007
2020-09-15,11.5,0
2020-09-16,6.791666666666671,0
2020-09-17,0,0.4583333333333286
2020-09-18,3.7916666666666643,0
2020-09-19,12.208333333333336,0
2020-09-20,17.33333333333333,0
2020-09-21,17.607999999999997,0
2020-09-22,12.125,0
2020-09-23,0,1.529411764705884
2020-09-24,2,0
2020-09-25,1.5,0
2020-09-26,6.43333333333333,0
2020-09-27,0,5.046666666666667
2020-09-28,0,7.848484848484844
2020-09-29,0,4.012121212121215
2020-09-30,0,6.071428571428569
2020-10-01,2,0
2020-10-02,9.041666666666664,0
2020-10-03,18.20930232558139,0
2020-10-04,14.583333333333329,0
2020-10-05,10.57142857142857,0
2020-10-06,14.804444444444442,0
2020-10-07,4.153846153846153,0
2020-10-08,9.291666666666664,0
2020-10-09,18.625,0
2020-10-10,1.75,0
2020-10-11,4.799999999999997,0
2020-10-12,17.708333333333336,0
2020-10-13,10.93,0
2020-10-14,9.57142857142857,0
2020-10-15,10,0
2020-10-16,5.070270270270271,0
2020-10-17,17.102439024390243,0
2020-10-18,22.016666666666666,0
2020-10-19,19.31111111111111,0
2020-10-20,8.420000000000002,0
2020-10-21,4.409302325581393,0
2020-10-22,4.497560975609758,0
2020-10-23,5.578378378378382,0
2020-10-24,6.699999999999996,0
2020-10-25,21.083333333333336,0
2020-10-26,19.26451612903226,0
2020-10-27,16.111111111111114,0
2020-10-28,19.633333333333333,0
2020-10-29,21.46666666666667,0
2020-10-30,30.935897435897438,0
2020-10-31,43.926760563380284,0
2020-11-01,28.734615384615388,0
2020-11-02,24.185185185185183,0
2020-11-03,28.1,0
2020-11-04,25.799999999999997,0
2020-11-05,7.541666666666671,0
2020-11-06,3.2916666666666643,0
2020-11-07,3.5416666666666714,0
2020-11-08,10.625,0
2020-11-09,18.418181818181814,0
2020-11-10,9.791666666666671,0
2020-11-11,0,0
2020-11-12,2.310526315789474,0
2020-11-13,21.296296296296298,0
2020-11-14,25.049999999999997,0
2020-11-15,30.37916666666667,0
2020-11-16,14.424242424242422,0
2020-11-17,23.666666666666664,0
2020-11-18,34.275,0
2020-11-19,37.079166666666666,0
2020-11-20,13.583333333333329,0
2020-11-21,13.333333333333336,0
2020-11-22,25.934615384615384,0
2020-11-23,16.270270270270274,0
2020-11-24,28.46666666666667,0
2020-11-25,33.55,0
2020-11-26,22.78787878787879,0
2020-11-27,25.04166666666667,0
2020-11-28,20.93333333333333,0
2020-11-29,25.808333333333337,0
2020-11-30,21.048484848484847,0
2020-12-01,3.9350000000000023,0
2020-12-02,24.916666666666664,0
2020-12-03,25.008333333333333,0
2020-12-04,17.916666666666664,0
2020-12-05,24.625,0
2020-12-06,30.779310344827586,0
2020-12-07,36.003846153846155,0
2020-12-08,36.69285714285714,0
2020-12-09,38.28846153846154,0
2020-12-10,30.270833333333336,0
2020-12-11,31.907692307692308,0
2020-12-12,29.01538461538462,0
2020-12-13,20.66666666666667,0
2020-12-14,29.864285714285714,0
2020-12-15,33.824,0
2020-12-16,43.55833333333334,0
2020-12-17,42.04259259259259,0
2020-12-18,40.17407407407407,0
2020-12-19,49.9125,0
2020-12-20,39.1125,0
2020-12-21,40.705769230769235,0
2020-12-22,31.432142857142857,0
2020-12-23,31.50416666666667,0
2020-12-24,29.269230769230766,0
2020-12-25,7.183783783783781,0
2020-12-26,29.799999999999997,0
2020-12-27,35.37916666666666,0
2020-12-28,30.42142857142857,0
2020-12-29,29.295833333333334,0
2020-12-30,38.35,0
2020-12-31,23.74074074074074,0
2021-01-01,35.63333333333333,0
2021-01-02,28.990196078431367,0
2021-01-03,34.553333333333335,0
2021-01-04,32.11025641025641,0
2021-01-05,33.225,0
2021-01-06,32.10740740740741,0
2021-01-07,30.84166666666667,0
2021-01-08,33.99583333333334,0
2021-01-09,36.420833333333334,0
2021-01-10,32.78,0
2021-01-11,41.00833333333333,0
2021-01-12,34.975,0
2021-01-13,32.05,0
2021-01-14,31.196296296296296,0
2021-01-15,29.281081081081084,0
2021-01-16,22.188888888888883,0
2021-01-17,26.119999999999997,0
2021-01-18,25,0
2021-01-19,32.87916666666667,0
2021-01-20,32.829166666666666,0
2021-01-21,39.948,0
2021-01-22,31.762500000000003,0
2021-01-23,36.65,0
2021-01-24,43.2375,0
2021-01-25,40.0625,0
2021-01-26,38.776923076923076,0
2021-01-27,35.705555555555556,0
2021-01-28,34.542857142857144,0
2021-01-29,50.888,0
2021-01-30,52.15833333333333,0
2021-01-31,52.895833333333336,0
2021-02-01,41.651515151515156,0
2021-02-02,33.719565217391306,0
2021-02-03,33.31944444444444,0
2021-02-04,32.26923076923077,0
2021-02-05,42.076470588235296,0
2021-02-06,34.597297297297295,0
2021-02-07,39.996875,0
2021-02-08,40.48620689655172,0
2021-02-09,43.58125,0
2021-02-10,43.31818181818181,0
2021-02-11,44.05416666666667,0
2021-02-12,46.920833333333334,0
2021-02-13,43.295833333333334,0
2021-02-14,36.372,0
2021-02-15,35.27666666666667,0
2021-02-16,30.9825,0
2021-02-17,36.647999999999996,0
2021-02-18,39.6,0
2021-02-19,39.41111111111111,0
2021-02-20,37.51785714285714,0
2021-02-21,40.36666666666667,0
2021-02-22,39.973076923076924,0
2021-02-23,27.426923076923075,0
2021-02-24,23.916666666666664,0
2021-02-25,22.666666666666664,0
2021-02-26,33.045833333333334,0
2021-02-27,30.24473684210526,0
2021-02-28,29.215384615384615,0
2021-03-01,26.922727272727272,0
2021-03-02,42.52916666666667,0
2021-03-03,33.61666666666667,0
2021-03-04,29.59583333333333,0
2021-03-05,38.42,0
2021-03-06,39.65,0
2021-03-07,38.79166666666667,0
2021-03-08,36.204,0
2021-03-09,22.91666666666667,0
2021-03-10,25.450000000000003,0
2021-03-11,18.071428571428577,0
2021-03-12,7.5,0
2021-03-13,24.633333333333333,0
2021-03-14,28.970370370370368,0
2021-03-15,43.35,0
2021-03-16,39.364000000000004,0
2021-03-17,26.383333333333333,0
2021-03-18,24.29032258064516,0
2021-03-19,28.39411764705882,0
2021-03-20,25.96521739130435,0
2021-03-21,21.3375,0
2021-03-22,17.743478260869566,0
2021-03-23,23.174285714285716,0
2021-03-24,15.958333333333329,0
2021-03-25,10.588888888888889,0
2021-03-26,3.836363636363636,0
2021-03-27,12.666666666666664,0
2021-03-28,20.51724137931034,0
2021-03-29,17.799999999999997,0
2021-03-30,21.46666666666667,0
2021-03-31,9.666666666666671,0
2021-04-01,13.812244897959182,0
2021-04-02,32.47083333333333,0
2021-04-03,28.18333333333333,0
2021-04-04,24,0
2021-04-05,14.208333333333336,0
2021-04-06,12.480000000000004,0
2021-04-07,15.36,0
2021-04-08,10.75,0
2021-04-09,14.192307692307693,0
2021-04-10,4.458333333333329,0
2021-04-11,13.89333333333333,0
2021-04-12,18.72222222222222,0
2021-04-13,16.807692307692307,0
2021-04-14,13.625,0
2021-04-15,17.5,0
2021-04-16,27.095,0
2021-04-17,24.366666666666667,0
2021-04-18,16.29166666666667,0
2021-04-19,11.519999999999996,0
2021-04-20,7.583333333333329,0
2021-04-21,10.125,0
2021-04-22,26.172413793103445,0
2021-04-23,18.875,0
2021-04-24,6.708333333333329,0
2021-04-25,11.64,0
2021-04-26,16.583333333333336,0
2021-04-27,13.541666666666671,0
2021-04-28,9.04,0
2021-04-29,13.921052631578945,0
2021-04-30,12.487499999999997,0
2021-05-01,14.444444444444443,0
2021-05-02,5.041666666666671,0
2021-05-03,5.125,0
2021-05-04,14.333333333333336,0
2021-05-05,15.886363636363633,0
2021-05-06,10.5,0
2021-05-07,13.583333333333336,0
2021-05-08,16.791666666666664,0
2021-05-09,9.166666666666671,0
2021-05-10,11.876470588235293,0
2021-05-11,9,0
2021-05-12,10.625,0
2021-05-13,9.125,0
2021-05-14,5.519999999999996,0
2021-05-15,1.2083333333333286,0
2021-05-16,1.6000000000000014,0
2021-05-17,3.7916666666666714,0
2021-05-18,0.625,0
2021-05-19,0,1.6923076923076934
2021-05-20,1.9166666666666714,0
2021-05-21,0.0833333333333286,0
2021-05-22,0,8.416666666666671
2021-05-23,0,9.599999999999994
2021-05-24,5.083333333333336,0
2021-05-25,2.9166666666666714,0
2021-05-26,0,8.680000000000007
2021-05-27,0,5.878787878787875
2021-05-28,8.920000000000002,0
2021-05-29,18.785714285714285,0
2021-05-30,16.5625,0
2021-05-31,12.32857142857143,0
2021-06-01,3.7083333333333286,0
2021-06-02,0,0.3461538461538396
2021-06-03,0,2.25
2021-06-04,0,5.799999999999997
2021-06-05,0,5.774193548387103
2021-06-06,0,14.791666666666671
2021-06-07,0,16.95833333333333
2021-06-08,0,17.200000000000003
2021-06-09,0,14.5
2021-06-10,0,3.4399999999999977
2021-06-11,6.75,0
2021-06-12,3.3200000000000003,0
2021-06-13,0,4.333333333333329
2021-06-14,1.6774193548387117,0
2021-06-15,0,1.6705882352941188
2021-06-16,0,0.625
2021-06-17,1.125,0
2021-06-18,0,1.625
2021-06-19,0,9.958333333333329
2021-06-20,0,12.041666666666671
2021-06-21,0,12.65384615384616
2021-06-22,0,6.5
2021-06-23,1.125,0
2021-06-24,1.7600000000000051,0
2021-06-25,1.973684210526315,0
2021-06-26,0,7.036842105263162
2021-06-27,0,13.28125
2021-06-28,0,18
2021-06-29,0,21.15384615384616
2021-06-30,0,16.86
2021-07-01,0,9.192307692307693
2021-07-02,0.9720930232558089,0
2021-07-03,7.875555555555557,0
2021-07-04,5.751351351351353,0
2021-07-05,0,1.2476190476190538
2021-07-06,0,11.166666666666671
2021-07-07,0,13.761290322580649
2021-07-08,0,1.1767441860465055
2021-07-09,0.21951219512195053,0
2021-07-10,0,4.987878787878785
2021-07-11,0,1.7099999999999937
2021-07-12,0,1.957446808510639
2021-07-13,0,0.44444444444444287
2021-07-14,0,4.384210526315783
2021-07-15,0,9.232432432432432
2021-07-16,0,16.303703703703704
2021-07-17,0,9.599999999999994
2021-07-18,0,3.0578947368421012
2021-07-19,0,2.4722222222222285
2021-07-20,0,7.724137931034477
2021-07-21,0,5.243243243243242
2021-07-22,0,4.791666666666671
2021-07-23,0,5.541666666666671
2021-07-24,0,4.359999999999999
2021-07-25,0,3.7083333333333286
2021-07-26,0,6.478260869565219
2021-07-27,0,10.15384615384616
2021-07-28,0,3.054054054054049
2021-07-29,0,2.5999999999999943
2021-07-30,0,4.529411764705884
2021-07-31,0.5416666666666714,0
2021-08-01,0.2083333333333286,0
2021-08-02,0,4.958333333333329
2021-08-03,0,1.625
2021-08-04,0,2.8333333333333286
2021-08-05,0,0.5945945945945965
2021-08-06,0,7.285714285714292
2021-08-07,0,11.708333333333329
2021-08-08,0,10.75
2021-08-09,0,6.466666666666669
2021-08-10,0,3.620833333333337
2021-08-11,0,13.675862068965515
2021-08-12,0,17.625
2021-08-13,0,16.70833333333333
2021-08-14,0,16.5
2021-08-15,0,6.875
2021-08-16,0,2.125
2021-08-17,0,5.083333333333329
2021-08-18,0,10.958333333333329
2021-08-19,0,9.818181818181813
2021-08-20,0,10.028571428571425
2021-08-21,0,13.172413793103445
2021-08-22,0,6.368421052631575
2021-08-23,0,8.517073170731706
2021-08-24,0,10.117948717948721
2021-08-25,0,10.314285714285717
2021-08-26,0,14.791666666666671
2021-08-27,0,15.607142857142861
2021-08-28,0,4.583333333333329
2021-08-29,0,0.5555555555555571
2021-08-30,0,9.017142857142858
2021-08-31,0,9.118518518518513
2021-09-01,0,0.4357142857142833
2021-09-02,3.495999999999995,0
2021-09-03,2.5416666666666714,0
2021-09-04,0.2083333333333286,0
2021-09-05,1.5,0
2021-09-06,0,5.935483870967744
2021-09-07,0,2.173913043478265
2021-09-08,0,5.071428571428569
2021-09-09,0,7.575757575757578
2021-09-10,0,2.029411764705884
2021-09-11,3,0
2021-09-12,0,4.958333333333329
2021-09-13,0,6.278787878787881
2021-09-14,3.788571428571423,0
2021-09-15,0,8.34375
2021-09-16,0,2.3219512195122007
2021-09-17,0.9677419354838719,0
2021-09-18,0,1.7297297297297263
2021-09-19,0,2.7121951219512255
2021-09-20,8.384615384615387,0
2021-09-21,8.238888888888894,0
2021-09-22,0,3.948837209302326
2021-09-23,0,7.885714285714286
2021-09-24,0,8.322580645161295
2021-09-25,0,1.625
2021-09-26,0.1071428571428612,0
2021-09-27,3.25,0
2021-09-28,0.10909090909090935,0
2021-09-29,8.625,0
2021-09-30,9.875,0
2021-10-01,12.083333333333329,0
2021-10-02,7.791666666666671,0
2021-10-03,7.4097560975609795,0
2021-10-04,7.030303030303031,0
2021-10-05,11.085106382978722,0
2021-10-06,11.147826086956528,0
2021-10-07,8.781818181818181,0
2021-10-08,7.278048780487808,0
2021-10-09,6.126666666666665,0
2021-10-10,7.835294117647059,0
2021-10-11,2.2068965517241352,0
2021-10-12,5.871794871794876,0
2021-10-13,5.994285714285709,0
2021-10-14,6.268085106382976,0
2021-10-15,1.8923076923076891,0
2021-10-16,0,3.8888888888888857
2021-10-17,5.096774193548384,0
2021-10-18,12.708333333333336,0
2021-10-19,14.75,0
2021-10-20,7.708333333333329,0
2021-10-21,2.0416666666666643,0
2021-10-22,2.3548387096774164,0
2021-10-23,12.222222222222221,0
2021-10-24,19,0
2021-10-25,14.787878787878789,0
2021-10-26,9.357894736842105,0
2021-10-27,15.29,0
2021-10-28,18.25714285714286,0
2021-10-29,26.011111111111113,0
2021-10-30,12.156756756756756,0
2021-10-31,7.230434782608697,0
2021-11-01,11.217391304347828,0
2021-11-02,17.480000000000004,0
2021-11-03,21.375,0
2021-11-04,27.258333333333333,0
2021-11-05,27.258333333333333,0
2021-11-06,28.87083333333333,0
2021-11-07,27.08333333333333,0
2021-11-08,21.71666666666667,0
2021-11-09,17.170833333333334,0
2021-11-10,11.958333333333336,0
2021-11-11,23.09166666666667,0
2021-11-12,8.852941176470587,0
2021-11-13,22.69019607843137,0
2021-11-14,22.75,0
2021-11-15,22.115384615384613,0
2021-11-16,24.5,0
2021-11-17,27.820833333333333,0
2021-11-18,7.884615384615387,0
2021-11-19,18.730769230769234,0
2021-11-20,28.46666666666667,0
2021-11-21,21.66666666666667,0
2021-11-22,14.03125,0
2021-11-23,30.72083333333333,0
2021-11-24,32.65833333333333,0
2021-11-25,26.12916666666667,0
2021-11-26,21.993333333333332,0
2021-11-27,30.727586206896554,0
2021-11-28,33.42916666666667,0
2021-11-29,31.02307692307692,0
2021-11-30,34.03333333333333,0
2021-12-01,28.508333333333333,0
2021-12-02,23.049999999999997,0
2021-12-03,22.769230769230766,0
2021-12-04,32.97083333333333,0
2021-12-05,27.041666666666664,0
2021-12-06,16.488571428571433,0
2021-12-07,21.753571428571426,0
2021-12-08,34.02307692307693,0
2021-12-09,36.093333333333334,0
2021-12-10,32.696,0
2021-12-11,27.68709677419355,0
2021-12-12,15.482758620689658,0
2021-12-13,22.840000000000003,0
2021-12-14,21.5,0
2021-12-15,29.472,0
2021-12-16,13.883870967741935,0
2021-12-17,10.789473684210527,0
2021-12-18,27.142857142857146,0
2021-12-19,31.415,0
2021-12-20,40.920833333333334,0
2021-12-21,31.987499999999997,0
2021-12-22,31.164516129032258,0
2021-12-23,35.358333333333334,0
2021-12-24,40.60714285714286,0
2021-12-25,35.82142857142857,0
2021-12-26,30.136842105263156,0
2021-12-27,32.336,0
2021-12-28,29.852941176470587,0
2021-12-29,27.346153846153847,0
2021-12-30,26.44864864864865,0
2021-12-31,25.084210526315786,0
2022-01-01,18.88936170212766,0
2022-01-02,21.469767441860462,0
2022-01-03,36.91538461538461,0
2022-01-04,43.125,0
2022-01-05,32.01875,0
2022-01-06,29.164516129032258,0
2022-01-07,35.96315789473684,0
2022-01-08,43.86666666666667,0
2022-01-09,35.614285714285714,0
2022-01-10,34.083333333333336,0
2022-01-11,51.423529411764704,0
2022-01-12,45.38333333333334,0
2022-01-13,31.12916666666667,0
2022-01-14,30.97931034482759,0
2022-01-15,54.43333333333334,0
2022-01-16,53.579166666666666,0
2022-01-17,27.516279069767435,0
2022-01-18,35.116,0
2022-01-19,33.88823529411765,0
2022-01-20,29.084000000000003,0
2022-01-21,50.3875,0
2022-01-22,50.62083333333334,0
2022-01-23,42.083333333333336,0
2022-01-24,40.44444444444444,0
2022-01-25,34.28235294117647,0
2022-01-26,43.40416666666667,0
2022-01-27,52.12916666666666,0
2022-01-28,36.92916666666667,0
2022-01-29,43.56829268292683,0
2022-01-30,50.612,0
2022-01-31,54.30416666666667,0
2022-02-01,50.3,0
2022-02-02,32.11764705882353,0
2022-02-03,24.1,0
2022-02-04,30.29795918367347,0
2022-02-05,43.289655172413795,0
2022-02-06,47.99166666666667,0
2022-02-07,38.7969696969697,0
2022-02-08,28.565853658536582,0
2022-02-09,30.391666666666666,0
2022-02-10,26.370370370370367,0
2022-02-11,26.879166666666663,0
2022-02-12,16.208333333333336,0
2022-02-13,34.94615384615385,0
2022-02-14,43.489999999999995,0
2022-02-15,51.11666666666667,0
2022-02-16,42.724000000000004,0
2022-02-17,14.965517241379317,0
2022-02-18,12.690624999999997,0
2022-02-19,38.26296296296296,0
2022-02-20,42.0875,0
2022-02-21,25.016666666666666,0
2022-02-22,27.800000000000004,0
2022-02-23,7.56666666666667,0
2022-02-24,37.125,0
2022-02-25,41.74583333333334,0
2022-02-26,47.83571428571429,0
2022-02-27,38.7125,0
2022-02-28,41.496153846153845,0
2022-03-01,43.763999999999996,0
2022-03-02,26.6,0
2022-03-03,32.37837837837838,0
2022-03-04,42.925,0
2022-03-05,37.95,0
2022-03-06,22.017142857142858,0
2022-03-07,8.791666666666664,0
2022-03-08,21.384615384615387,0
2022-03-09,33.093333333333334,0
2022-03-10,36.75357142857143,0
2022-03-11,25.704166666666666,0
2022-03-12,25.58,0
2022-03-13,38.15384615384615,0
2022-03-14,27.016666666666666,0
2022-03-15,15.875,0
2022-03-16,21.053333333333335,0
2022-03-17,19.044444444444444,0
2022-03-18,10.826666666666668,0
2022-03-19,15.71764705882353,0
2022-03-20,17.02083333333333,0
2022-03-21,15.833333333333336,0
2022-03-22,21.541666666666664,0
2022-03-23,25.929166666666667,0
2022-03-24,24.1,0
2022-03-25,21.439130434782612,0
2022-03-26,16.416666666666664,0
2022-03-27,22.791666666666664,0
2022-03-28,35.75416666666666,0
2022-03-29,37.37916666666666,0
2022-03-30,27.929166666666667,0
2022-03-31,14.285714285714292,0
2022-04-01,9.661538461538463,0
2022-04-02,20.708333333333336,0
2022-04-03,25.1,0
2022-04-04,20.78666666666667,0
2022-04-05,16.91666666666667,0
2022-04-06,18.32142857142857,0
2022-04-07,21,0
2022-04-08,14.117391304347834,0
2022-04-09,18.9741935483871,0
2022-04-10,23.167741935483868,0
2022-04-11,15.666666666666671,0
2022-04-12,8.666666666666664,0
2022-04-13,7.5,0
2022-04-14,15.548387096774192,0
2022-04-15,14.70232558139535,0
2022-04-16,5.5,0
2022-04-17,20.61142857142857,0
2022-04-18,20.416666666666664,0
2022-04-19,15.362162162162164,0
2022-04-20,17.333333333333336,0
2022-04-21,17.424999999999997,0
2022-04-22,9.166666666666664,0
2022-04-23,12.666666666666671,0
2022-04-24,14.916666666666664,0
2022-04-25,15.291666666666664,0
2022-04-26,13.56315789473684,0
2022-04-27,12.575757575757578,0
2022-04-28,19.708333333333336,0
2022-04-29,18.333333333333336,0
2022-04-30,16.41666666666667,0
2022-05-01,12.75,0
2022-05-02,14.208333333333336,0
2022-05-03,15.375,0
2022-05-04,13.9375,0
2022-05-05,9.58620689655173,0
2022-05-06,8.75,0
2022-05-07,14,0
2022-05-08,16.083333333333336,0
2022-05-09,16.375,0
2022-05-10,13.166666666666671,0
2022-05-11,10.208333333333329,0
2022-05-12,5.8926829268292735,0
2022-05-13,2.223255813953493,0
2022-05-14,0,8.799999999999997
2022-05-15,0,6.131034482758622
2022-05-16,0,7.896551724137936
2022-05-17,0.6200000000000045,0
2022-05-18,3.6666666666666643,0
2022-05-19,9.206666666666663,0
2022-05-20,9.255319148936174,0
2022-05-21,0,1.4888888888888943
2022-05-22,0,14.088888888888889
2022-05-23,0,2.9655172413793167
2022-05-24,6.208333333333336,0
2022-05-25,7.7692307692307665,0
2022-05-26,3.6400000000000006,0
2022-05-27,0,4.475862068965512
2022-05-28,0,3.8461538461538396
2022-05-29,0,1.25
2022-05-30,0,7.375
2022-05-31,0,6.444444444444443
2022-06-01,6.799999999999997,0
2022-06-02,7.054054054054056,0
2022-06-03,6.168750000000003,0
2022-06-04,3.4512820512820497,0
2022-06-05,0.9200000000000017,0
2022-06-06,0.5416666666666714,0
2022-06-07,0,4.625
2022-06-08,0,3.7575757575757507
2022-06-09,0,2.5833333333333286
2022-06-10,0,2.5833333333333286
2022-06-11,0,1.0833333333333286
2022-06-12,0,2.5600000000000023
2022-06-13,0,8.09375
2022-06-14,0,4.833333333333329
2022-06-15,0,2.2592592592592524
2022-06-16,0.35999999999999943,0
2022-06-17,0,8.682758620689654
2022-06-18,0,2.0416666666666714
2022-06-19,8.583333333333336,0
2022-06-20,3.444444444444443,0
2022-06-21,2.0416666666666714,0
2022-06-22,0.4749999999999943,0
2022-06-23,1.4545454545454533,0
2022-06-24,0,5
2022-06-25,0,5.118918918918922
2022-06-26,0,14.5
2022-06-27,0,8.407407407407405
2022-06-28,0,3.5833333333333286
2022-06-29,0,4.791666666666671
2022-06-30,0,5.099999999999994
2022-07-01,0,11
2022-07-02,0,11.896969696969691
2022-07-03,0,9.166666666666671
2022-07-04,0,5.291666666666671
2022-07-05,0,4.083333333333329
2022-07-06,0,8.566666666666663
2022-07-07,0,4.958333333333329
2022-07-08,0,8.125
2022-07-09,0,9.599999999999994
2022-07-10,0,2.4166666666666714
2022-07-11,0,8.291666666666671
2022-07-12,0,12.083333333333329
2022-07-13,0,12.166666666666671
2022-07-14,0,8.65161290322581
2022-07-15,0,7.083333333333329
2022-07-16,0,8.73913043478261
2022-07-17,0,7.314285714285717
2022-07-18,0,11.25806451612904
2022-07-19,0,13.228571428571428
2022-07-20,0,18.08333333333333
2022-07-21,0,19.25
2022-07-22,0,17.54166666666667
2022-07-23,0,18.375
2022-07-24,0,20.41666666666667
2022-07-25,0,19
2022-07-26,0,10.208333333333329
2022-07-27,0,6.208333333333329
2022-07-28,0,10.15384615384616
2022-07-29,0,13.551724137931032
2022-07-30,0,14.416666666666671
2022-07-31,0,8.791666666666671
2022-08-01,0,11.083333333333329
2022-08-02,0,12.357142857142861
2022-08-03,0,13.478260869565219
2022-08-04,0,15.875
2022-08-05,0,16.537931034482753
2022-08-06,0,16.39285714285714
2022-08-07,0,18.86206896551724
2022-08-08,0,18.040000000000006
2022-08-09,0,17.733333333333334
2022-08-10,0,5.617142857142852
2022-08-11,0,7.599999999999994
2022-08-12,0,8.125
2022-08-13,0,2.1666666666666714
2022-08-14,0,4
2022-08-15,0,5.708333333333329
2022-08-16,0,4.439999999999998
2022-08-17,0,4.791666666666671
2022-08-18,0,6.833333333333329
2022-08-19,0,12.125
2022-08-20,0,10.708333333333329
2022-08-21,0,11.766666666666666
2022-08-22,0,4.8125
2022-08-23,0,5.653658536585368
2022-08-24,0,6.177777777777777
2022-08-25,0,11.166666666666671
2022-08-26,0,8.75
2022-08-27,0,5.818181818181813
2022-08-28,0,5.092307692307699
2022-08-29,0,13.409523809523805
2022-08-30,0,14.035714285714292
2022-08-31,0,10.607142857142861
2022-09-01,0,3.9166666666666714
2022-09-02,2.2083333333333286,0
2022-09-03,0,0.7916666666666714
2022-09-04,0,8.083333333333329
2022-09-05,0,3.1644444444444417
2022-09-06,2.2192307692307693,0
2022-09-07,0.59375,0
2022-09-08,7.810909090909092,0
2022-09-09,0.7199999999999989,0
2022-09-10,0,4.833333333333329
2022-09-11,0,3.75
2022-09-12,0,7.030769230769238
2022-09-13,0,6.537499999999994
2022-09-14,0,4.8967741935483815
2022-09-15,1.0833333333333357,0
2022-09-16,8.375,0
2022-09-17,9.333333333333329,0
2022-09-18,0,4.166666666666671
2022-09-19,1.3125,0
2022-09-20,4.117647058823529,0
2022-09-21,4.906976744186046,0
2022-09-22,0.5314285714285774,0
2022-09-23,11.583333333333336,0
2022-09-24,9.916666666666671,0
2022-09-25,9.125,0
2022-09-26,1.6514285714285748,0
2022-09-27,5.1875,0
2022-09-28,6.25,0
2022-09-29,8.458333333333336,0
2022-09-30,14,0
2022-10-01,14.153846153846153,0
2022-10-02,11.161290322580648,0
2022-10-03,16.166666666666664,0
2022-10-04,13.633333333333333,0
2022-10-05,9.589743589743591,0
2022-10-06,3.536585365853661,0
2022-10-07,5.07586206896552,0
2022-10-08,11.166666666666664,0
2022-10-09,17.16666666666667,0
2022-10-10,13.96923076923077,0
2022-10-11,20.342372881355935,0
2022-10-12,9.916666666666671,0
2022-10-13,4.3548387096774235,0
2022-10-14,0.6043478260869506,0
2022-10-15,12.289473684210527,0
2022-10-16,11.648000000000003,0
2022-10-17,15.5,0
2022-10-18,6.549999999999997,0
2022-10-19,19.708333333333336,0
2022-10-20,18.208333333333336,0
2022-10-21,16.83333333333333,0
2022-10-22,17.84375,0
2022-10-23,15.625,0
2022-10-24,9.662857142857142,0
2022-10-25,4.170731707317074,0
2022-10-26,2.060869565217388,0
2022-10-27,3.032258064516128,0
2022-10-28,19.625,0
2022-10-29,23.588461538461544,0
2022-10-30,20.054166666666667,0
2022-10-31,15.041666666666671,0
2022-11-01,4.299999999999997,0
2022-11-02,10.872727272727275,0
2022-11-03,17.20833333333333,0
2022-11-04,7.625,0
2022-11-05,0,0.125
2022-11-06,0,5.041666666666671
2022-11-07,0,4.5862068965517295
2022-11-08,15.25,0
2022-11-09,25.3375,0
2022-11-10,13.166666666666671,0
2022-11-11,3.719999999999999,0
2022-11-12,0,4.226315789473688
2022-11-13,13.93333333333333,0
2022-11-14,26.424999999999997,0
2022-11-15,33.37083333333334,0
2022-11-16,23.075471698113205,0
2022-11-17,24.416666666666664,0
2022-11-18,27.933333333333337,0
2022-11-19,30.166666666666664,0
2022-11-20,32.27916666666667,0
2022-11-21,34.62916666666666,0
2022-11-22,25.208333333333336,0
2022-11-23,27.14583333333333,0
2022-11-24,31.116666666666667,0
2022-11-25,19.840000000000003,0
2022-11-26,20.166666666666664,0
2022-11-27,18.296296296296298,0
2022-11-28,12.825806451612905,0
2022-11-29,30.555999999999997,0
2022-11-30,19.385294117647064,0
2022-12-01,22.666666666666664,0
2022-12-02,28.920833333333334,0
2022-12-03,15.615384615384613,0
2022-12-04,24.43076923076923,0
2022-12-05,31.616666666666667,0
2022-12-06,24.93076923076923,0
2022-12-07,10.700000000000003,0
2022-12-08,13.96,0
2022-12-09,28.12916666666667,0
2022-12-10,33.976,0
2022-12-11,36.88064516129032,0
2022-12-12,39.109375,0
2022-12-13,36.1625,0
2022-12-14,35.12592592592593,0
2022-12-15,30.053125,0
2022-12-16,22.433898305084746,0
2022-12-17,25.064285714285717,0
2022-12-18,29.549999999999997,0
2022-12-19,31.604166666666664,0
2022-12-20,31.65,0
2022-12-21,36.846428571428575,0
2022-12-22,34.54166666666667,0
2022-12-23,13.803174603174604,0
2022-12-24,46.903333333333336,0
2022-12-25,46.3125,0
2022-12-26,39.90416666666667,0
2022-12-27,34.94166666666666,0
2022-12-28,36.545833333333334,0
2022-12-29,27.166666666666664,0
2022-12-30,19.30416666666666,0
2022-12-31,12.472222222222221,0
2023-01-01,12.758620689655174,0
2023-01-02,26.137500000000003,0
2023-01-03,31.628571428571426,0
2023-01-04,24.23673469387755,0
2023-01-05,23.079166666666666,0
2023-01-06,30.652380952380952,0
2023-01-07,30.61025641025641,0
2023-01-08,34.2125,0
2023-01-09,31.96666666666667,0
2023-01-10,30.049999999999997,0
2023-01-11,37.625,0
2023-01-12,33.202439024390245,0
2023-01-13,11.153846153846153,0
2023-01-14,29.98139534883721,0
2023-01-15,30.4375,0
2023-01-16,33.160655737704914,0
2023-01-17,27.725,0
2023-01-18,21.041666666666664,0
2023-01-19,26.96,0
2023-01-20,30.57551020408163,0
2023-01-21,33.428125,0
2023-01-22,33.50357142857143,0
2023-01-23,30.823529411764703,0
2023-01-24,32.015625,0
2023-01-25,31.755172413793105,0
2023-01-26,22.708,0
2023-01-27,29.84166666666667,0
2023-01-28,27.5,0
2023-01-29,25.975,0
2023-01-30,21.833333333333336,0
2023-01-31,30.32105263157895,0
2023-02-01,39.69583333333333,0
2023-02-02,36.229166666666664,0
2023-02-03,42.09166666666667,0
2023-02-04,64.632,0
2023-02-05,33.983333333333334,0
2023-02-06,26.054166666666667,0
2023-02-07,34.17916666666667,0
2023-02-08,26.037037037037038,0
2023-02-09,27.396,0
2023-02-10,19.66666666666667,0
2023-02-11,24.32,0
2023-02-12,27.762500000000003,0
2023-02-13,27.392857142857146,0
2023-02-14,24.41666666666667,0
2023-02-15,24.79166666666667,0
2023-02-16,9.304347826086953,0
2023-02-17,14.8125,0
2023-02-18,35.123999999999995,0
2023-02-19,28.4375,0
2023-02-20,15,0
2023-02-21,27.354838709677416,0
2023-02-22,27.484,0
2023-02-23,34.081538461538464,0
2023-02-24,36.614705882352936,0
2023-02-25,48.28888888888889,0
2023-02-26,43.62,0
2023-02-27,37.40833333333333,0
2023-02-28,34.804081632653066,0
2023-03-01,31.68181818181818,0
2023-03-02,27.363636363636367,0
2023-03-03,27.09166666666667,0
2023-03-04,30.573913043478264,0
2023-03-05,30.607407407407408,0
2023-03-06,25.119999999999997,0
2023-03-07,30.59583333333333,0
2023-03-08,29.616666666666667,0
2023-03-09,24.125,0
2023-03-10,27.65,0
2023-03-11,26.84864864864865,0
2023-03-12,28.512500000000003,0
2023-03-13,28.806896551724137,0
2023-03-14,28.875,0
2023-03-15,29.911627906976747,0
2023-03-16,25.708333333333336,0
2023-03-17,21.5,0
2023-03-18,17.541666666666664,0
2023-03-19,31.06666666666667,0
2023-03-20,27.52083333333333,0
2023-03-21,21.204166666666666,0
2023-03-22,22.083333333333336,0
2023-03-23,14.618749999999999,0
2023-03-24,15.814814814814817,0
2023-03-25,28.542857142857144,0
2023-03-26,20.454545454545453,0
2023-03-27,20.403999999999996,0
2023-03-28,24.200000000000003,0
2023-03-29,27.129166666666663,0
2023-03-30,27.295833333333334,0
2023-03-31,27.64074074074074,0
2023-04-01,21.46111111111111,0
2023-04-02,16.703703703703702,0
2023-04-03,25.83333333333333,0
2023-04-04,13.25,0
2023-04-05,19.166666666666664,0
2023-04-06,20.89,0
2023-04-07,12.916666666666664,0
2023-04-08,23.174999999999997,0
2023-04-09,24.8375,0
2023-04-10,16.170833333333334,0
2023-04-11,8,0
2023-04-12,0,2.125
2023-04-13,0,1.8333333333333428
2023-04-14,0,6.166666666666671
2023-04-15,8.392857142857146,0
2023-04-16,11.789473684210527,0
2023-04-17,14.1609756097561,0
2023-04-18,15.405263157894737,0
2023-04-19,18.041666666666664,0
2023-04-20,16.33333333333333,0
2023-04-21,17.31111111111111,0
2023-04-22,17.42307692307692,0
2023-04-23,17.44210526315789,0
2023-04-24,14.444444444444443,0
2023-04-25,17.20930232558139,0
2023-04-26,16.60606060606061,0
2023-04-27,16.131578947368425,0
2023-04-28,20.508000000000003,0
2023-04-29,15.42307692307692,0
2023-04-30,15.57,0
2023-05-01,7.663636363636364,0
2023-05-02,14.799999999999997,0
2023-05-03,17.46666666666667,0
2023-05-04,18.86190476190476,0
2023-05-05,15.641176470588235,0
2023-05-06,7.375,0
2023-05-07,0.625,0
2023-05-08,0,0.2916666666666714
2023-05-09,12.791666666666664,0
2023-05-10,9.75,0
2023-05-11,0.25,0
2023-05-12,0,1.75
2023-05-13,0,2.5
2023-05-14,6.708333333333336,0
2023-05-15,7.458333333333329,0
2023-05-16,0,1.75
2023-05-17,8.875,0
2023-05-18,17.008333333333333,0
2023-05-19,8.5,0
2023-05-20,5.483870967741936,0
2023-05-21,0,1.3405405405405446
2023-05-22,6.458333333333336,0
2023-05-23,12.866666666666667,0
2023-05-24,5.96551724137931,0
2023-05-25,8.655172413793103,0
2023-05-26,8.439999999999998,0
2023-05-27,3.125,0
2023-05-28,0,6.458333333333329
2023-05-29,0,0.9166666666666714
2023-05-30,13.357575757575752,0
2023-05-31,1.7083333333333286,0
2023-06-01,0,7.75
2023-06-02,0,8.787878787878782
2023-06-03,9.372093023255815,0
2023-06-04,15.243902439024389,0
2023-06-05,11.438095238095237,0
2023-06-06,3.3333333333333286,0
2023-06-07,4.833333333333336,0
2023-06-08,7.642857142857146,0
2023-06-09,8.90243902439024,0
2023-06-10,10.231034482758623,0
2023-06-11,9.979661016949152,0
2023-06-12,0,5.416666666666671
2023-06-13,0,3.939130434782612
2023-06-14,0,0.1794871794871824
2023-06-15,1.6585365853658516,0
2023-06-16,0,4.583333333333329
2023-06-17,1.6972972972972968,0
2023-06-18,1.774193548387096,0
2023-06-19,2.7777777777777786,0
2023-06-20,3.5833333333333357,0
2023-06-21,3.299999999999997,0
2023-06-22,4.275862068965516,0
2023-06-23,0.017142857142857792,0
2023-06-24,0,7.8709677419354875
2023-06-25,0,11.143749999999997
2023-06-26,0,8.691891891891885
2023-06-27,0,7.950000000000003
2023-06-28,0,7.804651162790691
2023-06-29,0,6.361290322580643
2023-06-30,0,6.700000000000003
2023-07-01,0,4.907692307692301
2023-07-02,0,3.6538461538461604
2023-07-03,0,3.68780487804878
2023-07-04,0,6.575757575757578
2023-07-05,0,8.707317073170728
2023-07-06,0,11.661111111111111
2023-07-07,0,17.599999999999994
2023-07-08,0,10.34615384615384
2023-07-09,0,6.9090909090909065
2023-07-10,0,3.724137931034477
2023-07-11,0,7.892857142857139
2023-07-12,0,10.375
2023-07-13,0,9
2023-07-14,0,4.7777777777777715
2023-07-15,0,9.82142857142857
2023-07-16,0,8.471428571428575
2023-07-17,0,9.671428571428578
2023-07-18,0,7.206249999999997
2023-07-19,0,4.443243243243245
2023-07-20,0,3.7037037037037095
2023-07-21,0,2.257894736842104
2023-07-22,0,1.3945945945945937
2023-07-23,0,1.6785714285714306
2023-07-24,0,4.541666666666671
2023-07-25,0,4.878787878787875
2023-07-26,0,8.708333333333329
2023-07-27,0,12.75
2023-07-28,0,13.458333333333329
2023-07-29,0,12.575757575757578
2023-07-30,0,2.2727272727272663
2023-07-31,0,1.7916666666666714
2023-08-01,0,1.4000000000000057
2023-08-02,2.519999999999996,0
2023-08-03,0,2.6666666666666714
2023-08-04,0,5.92307692307692
2023-08-05,0,4.92941176470589
2023-08-06,0,3.75
2023-08-07,0,2.3461538461538396
2023-08-08,0,9.055813953488368
2023-08-09,0,8.75
2023-08-10,0,6.583333333333329
2023-08-11,0,6.085714285714289
2023-08-12,0,4.040000000000006
2023-08-13,0,10.5
2023-08-14,0,7.280000000000001
2023-08-15,0,3.6774193548387046
2023-08-16,0,1.8418604651162838
2023-08-17,0,0.4978723404255305
2023-08-18,0,4.7243243243243285
2023-08-19,0,0.3333333333333286
2023-08-20,0,4.125
2023-08-21,0,6.708333333333329
2023-08-22,0,4.208333333333329
2023-08-23,0.375,0
2023-08-24,1.1153846153846132,0
2023-08-25,0.16842105263157237,0
2023-08-26,0,8.056250000000006
2023-08-27,0,4.400000000000006
2023-08-28,1.942857142857143,0
2023-08-29,0,3.967741935483872
2023-08-30,0,4.737499999999997
2023-08-31,0,0.5
2023-09-01,4.416666666666671,0
2023-09-02,0.28000000000000114,0
2023-09-03,0,6.458333333333329
2023-09-04,0,6.75
2023-09-05,0,9.666666666666671
2023-09-06,0,10.337931034482764
2023-09-07,0,12.57142857142857
2023-09-08,0,10.096774193548384
2023-09-09,0,7.857894736842098
2023-09-10,0,4.4037735849056645
2023-09-11,0,4.890909090909091
2023-09-12,0,5.5489361702127695
2023-09-13,0,2.5999999999999943
2023-09-14,0,0.6540540540540576
2023-09-15,4.666666666666664,0
2023-09-16,2.25,0
2023-09-17,1.3333333333333286,0
2023-09-18,1.3999999999999986,0
2023-09-19,1.382352941176471,0
2023-09-20,0,2.4181818181818215
2023-09-21,7.200000000000003,0
2023-09-22,8.742857142857147,0
2023-09-23,11.741935483870968,0
2023-09-24,6.589743589743591,0
2023-09-25,7.18181818181818,0
2023-09-26,9.200000000000003,0
2023-09-27,19.697872340425533,0
2023-09-28,15.630188679245279,0
2023-09-29,13.159999999999997,0
2023-09-30,9.387500000000003,0
2023-10-01,13.861818181818187,0
2023-10-02,7.164444444444442,0
2023-10-03,6.185185185185183,0
2023-10-04,3.862499999999997,0
2023-10-05,3.6044444444444466,0
2023-10-06,0.034482758620683285,0
2023-10-07,0,0.2857142857142918
2023-10-08,8.848484848484851,0
2023-10-09,14.041666666666664,0
2023-10-10,13.708333333333336,0
2023-10-11,17.544000000000004,0
2023-10-12,10.092307692307692,0
2023-10-13,13.125,0
2023-10-14,15.583333333333336,0
2023-10-15,13.875,0
2023-10-16,14.458333333333336,0
2023-10-17,15.225806451612904,0
2023-10-18,15.649999999999999,0
2023-10-19,12.33529411764706,0
2023-10-20,14.522727272727273,0
2023-10-21,7.166666666666664,0
2023-10-22,11.96153846153846,0
2023-10-23,14.925925925925924,0
2023-10-24,18.41666666666667,0
2023-10-25,7.25,0
2023-10-26,0.4166666666666714,0
2023-10-27,0.9583333333333286,0
2023-10-28,0,2.5
2023-10-29,14.233333333333334,0
2023-10-30,17.38857142857143,0
2023-10-31,23.192307692307693,0
2023-11-01,26,0
2023-11-02,29.625,0
2023-11-03,24.58333333333333,0
2023-11-04,15.666666666666664,0
2023-11-05,17.166666666666664,0
2023-11-06,22.125,0
2023-11-07,11.758620689655174,0
2023-11-08,22.333333333333336,0
2023-11-09,29.32142857142857,0
2023-11-10,26.1030303030303,0
2023-11-11,25.166666666666664,0
2023-11-12,34.166666666666664,0
2023-11-13,35.666666666666664,0
2023-11-14,26.958333333333336,0
2023-11-15,29.83333333333333,0
2023-11-16,18.375,0
2023-11-17,20.592592592592588,0
2023-11-18,13.875,0
2023-11-19,27.83333333333333,0
2023-11-20,31.583333333333336,0
2023-11-21,36.625,0
2023-11-22,22.813953488372093,0
2023-11-23,24.87096774193548,0
2023-11-24,23.541666666666664,0
2023-11-25,36.70833333333333,0
2023-11-26,34.208333333333336,0
2023-11-27,18.78888888888889,0
2023-11-28,31.375,0
2023-11-29,35.5,0
2023-11-30,32.375,0
2023-12-01,20.416666666666664,0
2023-12-02,20.097142857142856,0
2023-12-03,24.21951219512195,0
2023-12-04,24.45294117647059,0
2023-12-05,29.293750000000003,0
2023-12-06,35.724137931034484,0
2023-12-07,41.208333333333336,0
2023-12-08,37.458333333333336,0
2023-12-09,27,0
2023-12-10,15.024999999999999,0
2023-12-11,15.490909090909092,0
2023-12-12,29.041666666666664,0
2023-12-13,28.833333333333336,0
2023-12-14,35.5,0
2023-12-15,26.29166666666667,0
2023-12-16,27.333333333333336,0
2023-12-17,27.07142857142857,0
2023-12-18,7.219607843137254,0
2023-12-19,22.75,0
2023-12-20,31.041666666666664,0
2023-12-21,33.375,0
2023-12-22,40.75,0
2023-12-23,38.75,0
2023-12-24,26.592592592592595,0
2023-12-25,23.72,0
2023-12-26,25.27567567567568,0
2023-12-27,20.36,0
2023-12-28,20.87179487179487,0
2023-12-29,23.653658536585368,0
2023-12-30,23.44736842105263,0
2023-12-31,30,0
2024-01-01,33.08333333333333,0
2024-01-02,38.791666666666664,0
2024-01-03,35,0
2024-01-04,28.916666666666664,0
2024-01-05,40.416666666666664,0
2024-01-06,34,0
2024-01-07,35.56818181818182,0
2024-01-08,39.294117647058826,0
2024-01-09,44.8974358974359,0
2024-01-10,19.25,0
2024-01-11,24.416666666666664,0
2024-01-12,27.083333333333336,0
2024-01-13,19.163636363636364,0
2024-01-14,29.625,0
2024-01-15,40.04166666666667,0
2024-01-16,39.91739130434783,0
2024-01-17,44,0
2024-01-18,44.958333333333336,0
2024-01-19,43.20833333333333,0
2024-01-20,49.44444444444444,0
2024-01-21,48,0
2024-01-22,41.833333333333336,0
2024-01-23,29.375,0
2024-01-24,32.804255319148936,0
2024-01-25,26.567999999999998,0
2024-01-26,27.175609756097558,0
2024-01-27,29.15151515151515,0
2024-01-28,30.805714285714288,0
2024-01-29,32.11063829787234,0
2024-01-30,36.15384615384615,0
2024-01-31,37.85714285714286,0
2024-02-01,30.296551724137935,0
2024-02-02,28.166666666666664,0
2024-02-03,32.03703703703704,0
2024-02-04,35.375,0
2024-02-05,33.791666666666664,0
2024-02-06,33.333333333333336,0
2024-02-07,33.958333333333336,0
2024-02-08,33.416666666666664,0
2024-02-09,29.751724137931035,0
2024-02-10,26.338095238095242,0
2024-02-11,20.708333333333336,0
2024-02-12,28.791666666666664,0
2024-02-13,31.799999999999997,0
2024-02-14,36.375,0
2024-02-15,36.041666666666664,0
2024-02-16,34.25,0
2024-02-17,36.230769230769226,0
2024-02-18,38.666666666666664,0
2024-02-19,33.97692307692308,0
2024-02-20,39,0
2024-02-21,38.666666666666664,0
2024-02-22,35.24,0
2024-02-23,27.963157894736845,0
2024-02-24,30.08780487804878,0
2024-02-25,41.583333333333336,0
2024-02-26,27.33333333333333,0
2024-02-27,25.29166666666667,0
2024-02-28,11.53125,0
2024-02-29,27.32352941176471,0
2024-03-01,36.041666666666664,0
2024-03-02,25.296296296296298,0
2024-03-03,17.660377358490564,0
2024-03-04,18.6,0
2024-03-05,25.34736842105263,0
2024-03-06,21.6,0
2024-03-07,22.08571428571429,0
2024-03-08,23.375,0
2024-03-09,31.166666666666664,0
2024-03-10,21.441860465116278,0
2024-03-11,26.583333333333336,0
2024-03-12,22.16666666666667,0
2024-03-13,22.25,0
2024-03-14,20,0
2024-03-15,23.21818181818182,0
2024-03-16,22.045161290322582,0
2024-03-17,17.439999999999998,0
2024-03-18,22.880000000000003,0
2024-03-19,27.541666666666664,0
2024-03-20,25.52307692307692,0
2024-03-21,33.13636363636364,0
2024-03-22,34.791666666666664,0
2024-03-23,32.345454545454544,0
2024-03-24,32.878787878787875,0
2024-03-25,31.208333333333336,0
2024-03-26,29.838709677419352,0
2024-03-27,24.855555555555554,0
2024-03-28,18.567441860465117,0
2024-03-29,22.763157894736842,0
2024-03-30,19.83333333333333,0
2024-03-31,16.75,0
2024-04-01,21.91666666666667,0
2024-04-02,22.82142857142857,0
2024-04-03,24.93793103448276,0
2024-04-04,31.03181818181818,0
2024-04-05,27.64666666666667,0
2024-04-06,25.551724137931032,0
2024-04-07,24.5,0
2024-04-08,19.41666666666667,0
2024-04-09,14.208333333333336,0
2024-04-10,17.04166666666667,0
2024-04-11,17.939393939393938,0
2024-04-12,7.6790697674418595,0
2024-04-13,14.916666666666664,0
2024-04-14,15.75,0
2024-04-15,17.99230769230769,0
2024-04-16,11.869565217391305,0
2024-04-17,15.958333333333336,0
2024-04-18,18.72,0
2024-04-19,16.480000000000004,0
2024-04-20,14.337142857142858,0
2024-04-21,19.958333333333336,0
2024-04-22,20.08333333333333,0
2024-04-23,18.66666666666667,0
2024-04-24,15.833333333333336,0
2024-04-25,22.33333333333333,0
2024-04-26,20.72,0
2024-04-27,15.166666666666671,0
2024-04-28,11.04,0
2024-04-29,0.6666666666666714,0
2024-04-30,12.473333333333336,0
2024-05-01,17.258064516129032,0
2024-05-02,11.407407407407405,0
2024-05-03,13.813793103448276,0
2024-05-04,15.560000000000002,0
2024-05-05,16.875,0
2024-05-06,9.074285714285722,0
2024-05-07,1.9785714285714278,0
2024-05-08,10.112499999999997,0
2024-05-09,9.272222222222226,0
2024-05-10,14.262068965517244,0
2024-05-11,18.041666666666664,0
2024-05-12,16.95833333333333,0
2024-05-13,10,0
2024-05-14,1.8333333333333286,0
2024-05-15,0.4166666666666714,0
2024-05-16,7.02051282051282,0
2024-05-17,10.508108108108111,0
2024-05-18,8.641379310344824,0
2024-05-19,9.825000000000003,0
2024-05-20,10.472222222222221,0
2024-05-21,0,0.7307692307692264
2024-05-22,0,8.875
2024-05-23,0,6.1200000000000045
2024-05-24,0,4.541666666666671
2024-05-25,0,1.25
2024-05-26,0,1.7307692307692264
2024-05-27,0,0.1411764705882348
2024-05-28,0,6.140540540540542
2024-05-29,0,2.608695652173907
2024-05-30,7.468965517241379,0
2024-05-31,4.916666666666671,0
2024-06-01,2.0833333333333286,0
2024-06-02,0.519999999999996,0
2024-06-03,0,6.375
2024-06-04,0,0.5
2024-06-05,0,3.9166666666666714
2024-06-06,0,5.228571428571428
2024-06-07,0,2.194444444444443
2024-06-08,0,0.6666666666666714
2024-06-09,3.8967741935483886,0
2024-06-10,0.5833333333333286,0
2024-06-11,2.200000000000003,0
2024-06-12,0,1.25
2024-06-13,0,4.083333333333329
2024-06-14,0,6.178571428571431
2024-06-15,0,4.208333333333329
2024-06-16,3.6666666666666714,0
2024-06-17,0,3.5416666666666714
2024-06-18,0,12.75
2024-06-19,0,16.25
2024-06-20,0,18.08333333333333
2024-06-21,0,9.25
2024-06-22,0,0.23999999999999488
2024-06-23,0,3.4611111111111086
2024-06-24,0,10.93076923076923
2024-06-25,0,9.125
2024-06-26,0,13.666666666666671
2024-06-27,0,6.8125
2024-06-28,0,0.4583333333333286
2024-06-29,0,0.6923076923076934
2024-06-30,0,12.730769230769226
2024-07-01,0,7.528571428571425
2024-07-02,0,4.833333333333329
2024-07-03,0,4.439999999999998
2024-07-04,0,6.217391304347828
2024-07-05,0,8.664864864864867
2024-07-06,0,11.864516129032253
2024-07-07,0,13.686666666666667
2024-07-08,0,9.317073170731703
2024-07-09,0,14.791666666666671
2024-07-10,0,15.128571428571433
2024-07-11,0,15.529032258064518
2024-07-12,0,13.25
2024-07-13,0,11.852631578947367
2024-07-14,0,8.395652173913035
2024-07-15,0,14.5
2024-07-16,0,17.25
2024-07-17,0,12.237499999999997
2024-07-18,0,11.137931034482762
2024-07-19,0,7
2024-07-20,0,7.958333333333329
2024-07-21,0,11.879999999999995
2024-07-22,0,9.208333333333329
2024-07-23,0,9.615384615384613
2024-07-24,0,4.671428571428578
2024-07-25,0,7.516129032258064
2024-07-26,0,7.840000000000003
2024-07-27,0,6.416666666666671
2024-07-28,0,5.583333333333329
2024-07-29,0,2.0333333333333314
2024-07-30,0,10.566666666666663
2024-07-31,0,12.724137931034477
2024-08-01,0,15.18518518518519
2024-08-02,0,13.692307692307693
2024-08-03,0,13.931578947368422
2024-08-04,0,11.381249999999994
2024-08-05,0,10.1875
2024-08-06,0,4.806451612903231
2024-08-07,1.59375,0
2024-08-08,5.725000000000001,0
2024-08-09,0,4.385000000000005
2024-08-10,0,12.491891891891896
2024-08-11,0,5.833333333333329
2024-08-12,0,2.9166666666666714
2024-08-13,0,3.3333333333333286
2024-08-14,0,4.25
2024-08-15,0,2.137500000000003
2024-08-16,0.6363636363636402,0
2024-08-17,0,0.16129032258064058
2024-08-18,0,1.4205128205128261
2024-08-19,0,5.476923076923072
2024-08-20,0.05454545454544757,0
2024-08-21,4.083333333333336,0
2024-08-22,3.5416666666666714,0
2024-08-23,0,0.7083333333333286
2024-08-24,0,2.5833333333333286
2024-08-25,0,3
2024-08-26,0,2.7642857142857196
2024-08-27,1.6193548387096754,0
2024-08-28,0,11.319999999999993
2024-08-29,0,1.8400000000000034
2024-08-30,4.461538461538467,0
2024-08-31,1.0758620689655203,0
2024-09-01,0,9.125
2024-09-02,0,4.448275862068968
2024-09-03,5.173913043478265,0
2024-09-04,2.3333333333333286,0
2024-09-05,0.4166666666666714,0
2024-09-06,3.4193548387096797,0
2024-09-07,0,0.030303030303031164
2024-09-08,5.68,0
2024-09-09,4.375,0
2024-09-10,1.7619047619047592,0
2024-09-11,5,0
2024-09-12,0.5833333333333286,0
2024-09-13,0,4
2024-09-14,0.027777777777771462,0
2024-09-15,2.0075471698113176,0
2024-09-16,0.6666666666666714,0
2024-09-17,4.299999999999997,0
2024-09-18,6.97551020408163,0
2024-09-19,0,0.28292682926829116
2024-09-20,1.1684210526315795,0
2024-09-21,6.635714285714286,0
2024-09-22,6.385714285714286,0
2024-09-23,9.035714285714285,0
2024-09-24,11.314285714285717,0
2024-09-25,5.75,0
2024-09-26,1.9942857142857164,0
2024-09-27,0,0.9259259259259238
2024-09-28,5.941176470588232,0
2024-09-29,5.100000000000001,0
2024-09-30,11.370212765957447,0
2024-10-01,7.755555555555553,0
2024-10-02,8.38787878787879,0
2024-10-03,11.600000000000001,0
2024-10-04,9.424489795918369,0
2024-10-05,4.620689655172413,0
2024-10-06,13.333333333333329,0
2024-10-07,9.006250000000001,0
2024-10-08,15.587234042553192,0
2024-10-09,16.32,0
2024-10-10,14.625,0
2024-10-11,13.75,0
2024-10-12,5.291666666666664,0
2024-10-13,24.833333333333336,0
2024-10-14,17.53125,0
2024-10-15,20.730769230769234,0
2024-10-16,19.333333333333336,0
2024-10-17,24.16666666666667,0
2024-10-18,20.375,0
2024-10-19,17,0
2024-10-20,12.666666666666671,0
2024-10-21,7.25,0
2024-10-22,5,0
2024-10-23,10.442857142857136,0
2024-10-24,3.25,0
2024-10-25,15.541666666666664,0
2024-10-26,12.916666666666664,0
2024-10-27,22.541666666666664,0
2024-10-28,25.5,0
2024-10-29,19.88235294117647,0
2024-10-30,9.903030303030299,0
2024-10-31,4.5,0
2024-11-01,0,3.25
2024-11-02,17.439999999999998,0
2024-11-03,28.25,0
2024-11-04,30.79166666666667,0
2024-11-05,7.2962962962962905,0
2024-11-06,0,4.125
2024-11-07,1.7083333333333357,0
2024-11-08,16.875,0
2024-11-09,20.083333333333336,0
2024-11-10,26.25,0
2024-11-11,9.147058823529413,0
2024-11-12,15.333333333333336,0
2024-11-13,28.25,0
2024-11-14,31.416666666666664,0
2024-11-15,28.26086956521739,0
2024-11-16,16.208333333333336,0
2024-11-17,16.125,0
2024-11-18,19.91666666666667,0
2024-11-19,16.875,0
2024-11-20,25.54166666666667,0
2024-11-21,21.560869565217388,0
2024-11-22,18.51891891891892,0
2024-11-23,21.744680851063826,0
2024-11-24,21,0
2024-11-25,24.125,0
2024-11-26,30.925925925925924,0
2024-11-27,27.57142857142857,0
2024-11-28,28.04,0
2024-11-29,27.607142857142854,0
2024-11-30,31.833333333333336,0
2024-12-01,34.375,0
2024-12-02,36.875,0
2024-12-03,37.416666666666664,0
2024-12-04,34.708333333333336,0
2024-12-05,29.821621621621624,0
2024-12-06,34.54166666666667,0
2024-12-07,36.083333333333336,0
2024-12-08,28,0
2024-12-09,26.08,0
2024-12-10,30.794285714285714,0
2024-12-11,25.676923076923075,0
2024-12-12,19.575757575757578,0
2024-12-13,37.5,0
2024-12-14,42.541666666666664,0
2024-12-15,44.75,0
2024-12-16,32.64,0
2024-12-17,14,0
2024-12-18,24.666666666666664,0
2024-12-19,26.090322580645164,0
2024-12-20,36,0
2024-12-21,40.06666666666666,0
2024-12-22,51.208333333333336,0
2024-12-23,52.958333333333336,0
2024-12-24,38.3448275862069,0
2024-12-25,40.2,0
2024-12-26,36.958333333333336,0
2024-12-27,41.208333333333336,0
2024-12-28,27.58181818181818,0
2024-12-29,22.702222222222225,0
2024-12-30,11.186666666666667,0
2024-12-31,22.5,0
2025-01-01,21.804651162790698,0
2025-01-02,26.541666666666664,0
2025-01-03,31.5,0
2025-01-04,38.33333333333333,0
2025-01-05,36.66666666666667,0
2025-01-06,45.130434782608695,0
2025-01-07,46,0
2025-01-08,42.16666666666667,0
2025-01-09,44.857142857142854,0
2025-01-10,36.416666666666664,0
2025-01-11,38.2,0
2025-01-12,38.916666666666664,0
2025-01-13,37.625,0
2025-01-14,35.91666666666667,0
2025-01-15,41.54166666666667,0
2025-01-16,45.791666666666664,0
2025-01-17,42.32,0
2025-01-18,33.166666666666664,0
2025-01-19,30.006666666666668,0
2025-01-20,41.92093023255814,0
2025-01-21,56.208333333333336,0
2025-01-22,57.583333333333336,0
2025-01-23,49.25,0
2025-01-24,46.708333333333336,0
2025-01-25,50.125,0
2025-01-26,36.19230769230769,0
2025-01-27,36.5,0
2025-01-28,32.333333333333336,0
2025-01-29,37.806451612903224,0
2025-01-30,41.70833333333333,0
2025-01-31,32.693333333333335,0
2025-02-01,35.54358974358974,0
2025-02-02,50.166666666666664,0
2025-02-03,36.236363636363635,0
2025-02-04,27.464285714285715,0
2025-02-05,44.04166666666667,0
2025-02-06,42.55384615384615,0
2025-02-07,33.22857142857143,0
2025-02-08,38.708333333333336,0
2025-02-09,38.35510204081633,0
2025-02-10,40.25,0
2025-02-11,45.208333333333336,0
2025-02-12,38.120000000000005,0
2025-02-13,31.627906976744185,0
2025-02-14,34.79166666666667,0
2025-02-15,42.34615384615385,0
2025-02-16,36.28780487804878,0
2025-02-17,38.92,0
2025-02-18,45.33333333333333,0
2025-02-19,44.583333333333336,0
2025-02-20,46.77777777777778,0
2025-02-21,39.958333333333336,0
2025-02-22,41.083333333333336,0
2025-02-23,33.833333333333336,0
2025-02-24,31.666666666666664,0
2025-02-25,23.791666666666664,0
2025-02-26,21.583333333333336,0
2025-02-27,26.57714285714286,0
2025-02-28,24,0
2025-03-01,23.57142857142857,0
2025-03-02,42.625,0
2025-03-03,45.041666666666664,0
2025-03-04,31.75,0
2025-03-05,17.4,0
2025-03-06,11.054054054054056,0
2025-03-07,29.291666666666664,0
2025-03-08,30.875,0
2025-03-09,30.666666666666664,0
2025-03-10,21.086956521739133,0
2025-03-11,21.33333333333333,0
2025-03-12,20.625,0
2025-03-13,27.304347826086953,0
2025-03-14,26.950000000000003,0
2025-03-15,19.977777777777774,0
2025-03-16,11.705555555555556,0
2025-03-17,8.06666666666667,0
2025-03-18,21.925925925925924,0
2025-03-19,24.846153846153847,0
2025-03-20,21.38536585365854,0
2025-03-21,19.673170731707316,0
2025-03-22,18.5,0
2025-03-23,28.240000000000002,0
2025-03-24,30.43333333333333,0
2025-03-25,26.072727272727278,0
2025-03-26,26.20833333333333,0
2025-03-27,25.5,0
2025-03-28,18.760000000000005,0
2025-03-29,26.035714285714285,0
2025-03-30,29.10666666666667,0
2025-03-31,17.41666666666667,0
2025-04-01,11.871794871794876,0
2025-04-02,28.625,0
2025-04-03,20.15151515151515,0
2025-04-04,1.391304347826086,0
2025-04-05,21.48148148148148,0
2025-04-06,22.200000000000003,0
2025-04-07,24.93103448275862,0
2025-04-08,28.446153846153848,0
2025-04-09,30.5,0
2025-04-10,27.875,0
2025-04-11,27.6,0
2025-04-12,29.794871794871796,0
2025-04-13,24.964285714285715,0
2025-04-14,22.306976744186045,0
2025-04-15,10.107142857142854,0
2025-04-16,19.523809523809526,0
2025-04-17,17.54166666666667,0
2025-04-18,15.523809523809526,0
2025-04-19,0,3.608695652173907
2025-04-20,4.850000000000001,0
2025-04-21,16.833333333333336,0
2025-04-22,11.341935483870962,0
2025-04-23,9.67857142857143,0
2025-04-24,6.761904761904759,0
2025-04-25,5.93333333333333,0
2025-04-26,4.185185185185183,0
2025-04-27,12.899999999999999,0
2025-04-28,6.652173913043484,0
2025-04-29,7.875,0
2025-04-30,1,0
2025-05-01,7.920000000000002,0
2025-05-02,5.9857142857142875,0
2025-05-03,0,0.37575757575757507
2025-05-04,2.189189189189186,0
2025-05-05,12.512500000000003,0
2025-05-06,13.423809523809524,0
2025-05-07,2.875,0
2025-05-08,3.480000000000004,0
2025-05-09,12.546666666666667,0
2025-05-10,14.83913043478261,0
2025-05-11,12.702857142857141,0
2025-05-12,8.416666666666671,0
2025-05-13,5.272727272727273,0
2025-05-14,6.535714285714292,0
2025-05-15,3.857142857142854,0
2025-05-16,0,4.125714285714281
2025-05-17,0,2.3870967741935516
2025-05-18,2.125,0
2025-05-19,8.458333333333336,0
2025-05-20,13.221428571428575,0
2025-05-21,17.541935483870965,0
2025-05-22,18.973684210526315,0
2025-05-23,17.94736842105263,0
2025-05-24,11.892857142857146,0
2025-05-25,10.916666666666664,0
2025-05-26,8.958333333333329,0
2025-05-27,2.9166666666666714,0
2025-05-28,0,1.9583333333333286
2025-05-29,3.57692307692308,0
2025-05-30,0.2083333333333286,0
2025-05-31,2.742105263157896,0
2025-06-01,9.583333333333336,0
2025-06-02,7.208333333333329,0
2025-06-03,1.5,0
2025-06-04,0,4.625
2025-06-05,0,11.5
2025-06-06,0,8.269230769230774
2025-06-07,0,1.0606060606060623
2025-06-08,4.743859649122804,0
2025-06-09,5.899999999999999,0
2025-06-10,7.307317073170729,0
2025-06-11,0,1.5625
2025-06-12,0,9.125
2025-06-13,0,3.174999999999997
2025-06-14,6,0
2025-06-15,2.058823529411768,0
2025-06-16,1.6000000000000014,0
2025-06-17,0,1.0999999999999943
2025-06-18,0,6.714285714285708
2025-06-19,0,15.10526315789474
2025-06-20,0,12.477777777777774
2025-06-21,0,11.352941176470594
2025-06-22,0,15.294117647058826
2025-06-23,0,22.235294117647058
2025-06-24,0,26.17647058823529
2025-06-25,0,22.5625
2025-06-26,0,4.166666666666671
2025-06-27,0,3.9263157894736906
2025-06-28,0.9500000000000028,0
2025-06-29,0,9.810526315789474
2025-06-30,0,14.4375
2025-07-01,0,17.736842105263165
2025-07-02,0,13.15789473684211
2025-07-03,0,13.277777777777771
2025-07-04,0,8.75
2025-07-05,0,9.352941176470594
2025-07-06,0,16.611111111111114
2025-07-07,0,17.019047619047626
2025-07-08,0,20.529411764705884
2025-07-09,0,6.7222222222222285
2025-07-10,0,1.4708333333333314
2025-07-11,0,2.54883720930232
2025-07-12,0,8.461538461538467
2025-07-13,0,9.037037037037038
2025-07-14,0,9.566666666666663
2025-07-15,0,14.180000000000007
2025-07-16,0,12.472222222222229
2025-07-17,0,15.857142857142861
2025-07-18,0,11.958333333333329
2025-07-19,0,4.291666666666671
2025-07-20,0,11.21875
2025-07-21,0,5.688888888888883
2025-07-22,0,0.04000000000000625
2025-07-23,0,4.791666666666671
2025-07-24,0,11.719999999999999
2025-07-25,0,16.57931034482759
2025-07-26,0,9
2025-07-27,0,3.2068965517241423
2025-07-28,0,6.67755102040816
2025-07-29,0,16.72
2025-07-30,0,15.833333333333329
2025-07-31,0,5.359999999999999
2025-08-01,0,0.015000000000000568
2025-08-02,1.4166666666666714,0
2025-08-03,0,2.25
2025-08-04,0,6.5
2025-08-05,0,4.208333333333329
2025-08-06,0,1.5
2025-08-07,0,4.791666666666671
2025-08-08,0,4.208333333333329
2025-08-09,0,4.291666666666671
2025-08-10,0,9.041666666666671
2025-08-11,0,13.333333333333329
2025-08-12,0,13.208333333333329
2025-08-13,0,14.027586206896558
2025-08-14,0,13.851851851851848
2025-08-15,0,8.400000000000006
2025-08-16,0,4.583333333333329
2025-08-17,0,12.280000000000001
2025-08-18,0,2.125
2025-08-19,4.041666666666671,0
2025-08-20,4.346153846153847,0
2025-08-21,5.103225806451611,0
2025-08-22,0,1.25
2025-08-23,0,6.666666666666671
2025-08-24,0,5.75
2025-08-25,0,3.761904761904759
2025-08-26,0,3
2025-08-27,2.481481481481481,0
2025-08-28,3.7916666666666714,0
2025-08-29,0,0.14814814814815236
2025-08-30,7.031818181818181,0
2025-08-31,1.9200000000000017,0
2025-09-01,2.8333333333333286,0
2025-09-02,1.962962962962962,0
2025-09-03,0,0.2083333333333286
2025-09-04,0.5555555555555571,0
2025-09-05,0,4.954838709677418
2025-09-06,0,7.820512820512818
2025-09-07,3.0758620689655203,0
2025-09-08,8.658064516129038,0
2025-09-09,7.541666666666671,0
2025-09-10,7.32,0
2025-09-11,5.7307692307692335,0
2025-09-12,3.8333333333333357,0
2025-09-13,4.375,0
2025-09-14,2.451428571428572,0
2025-09-15,3.42307692307692,0
2025-09-16,5.0697674418604635,0
2025-09-17,6.75,0
2025-09-18,0.45999999999999375,0
2025-09-19,0,2.1666666666666714
2025-09-20,7.916666666666664,0
2025-09-21,12.57692307692308,0
2025-09-22,9.785185185185185,0
2025-09-23,0,2.0160000000000053
2025-09-24,0,0.5142857142857196
2025-09-25,0,1.0416666666666714
2025-09-26,0,7.05714285714285
2025-09-27,0.518518518518519,0
2025-09-28,0,6
2025-09-29,0.8076923076923066,0
2025-09-30,3.0833333333333357,0
2025-10-01,9,0
2025-10-02,14.75,0
2025-10-03,10.666666666666671,0
2025-10-04,3.2916666666666714,0
2025-10-05,1.961538461538467,0
2025-10-06,0.529411764705884,0
2025-10-07,0,2.2962962962962905
2025-10-08,0,0.5705882352941245
2025-10-09,17.083333333333336,0
2025-10-10,22.33333333333333,0
2025-10-11,11.458333333333329,0
2025-10-12,13.414285714285711,0
2025-10-13,12.241379310344826,0
2025-10-14,12.82,0
2025-10-15,12.629787234042553,0
2025-10-16,16.583333333333336,0
2025-10-17,13.958333333333336,0
2025-10-18,18.5,0
2025-10-19,11.208333333333329,0
2025-10-20,4.205882352941174,0
2025-10-21,9.53846153846154,0
2025-10-22,10.767567567567568,0
2025-10-23,12.958333333333336,0
2025-10-24,19.46153846153846,0
2025-10-25,20.91666666666667,0
2025-10-26,21.083333333333336,0
2025-10-27,25.47826086956522,0
2025-10-28,22.36,0
2025-10-29,18.653846153846153,0
2025-10-30,15.866666666666667,0
2025-10-31,8.672222222222224,0
2025-11-01,15.333333333333336,0
2025-11-02,22.791666666666664,0
2025-11-03,24.92307692307692,0
2025-11-04,16.479999999999997,0
2025-11-05,20.375,0
2025-11-06,17.458333333333336,0
2025-11-07,24.83333333333333,0
2025-11-08,10.458333333333336,0
2025-11-09,16.651612903225804,0
2025-11-10,14.82857142857143,0
2025-11-11,27.820689655172416,0
2025-11-12,27.708333333333336,0
2025-11-13,22.153846153846153,0
2025-11-14,27.583333333333336,0
2025-11-15,29.125,0
2025-11-16,24.078947368421055,0
2025-11-17,29.230769230769234,0
2025-11-18,26.958333333333336,0
2025-11-19,33.458333333333336,0
2025-11-20,34.583333333333336,0
2025-11-21,31.035714285714292,0
2025-11-22,25.25,0
2025-11-23,34.458333333333336,0
2025-11-24,28.92307692307692,0
2025-11-25,27.66666666666667,0
2025-11-26,11.25,0
2025-11-27,18,0
2025-11-28,28.583333333333336,0
2025-11-29,30.458333333333336,0
2025-11-30,31.185185185185183,0
2025-12-01,25.93103448275862,0
2025-12-02,37.22702702702702,0
2025-12-03,32.666666666666664,0
2025-12-04,34.16666666666667,0
2025-12-05,48.25,0
2025-12-06,37.51724137931034,0
2025-12-07,34.625,0
2025-12-08,38.958333333333336,0
2025-12-09,50.125,0
2025-12-10,29.16666666666667,0
2025-12-11,30.057142857142857,0
2025-12-12,39.166666666666664,0
2025-12-13,35.25,0
2025-12-14,35.30625,0
2025-12-15,47.25,0
2025-12-16,40.208333333333336,0
2025-12-17,31.25,0
2025-12-18,27.75,0
2025-12-19,13.630769230769225,0
2025-12-20,31.5,0
2025-12-21,27.541666666666664,0
2025-12-22,37.375,0
2025-12-23,36.284615384615385,0
2025-12-24,32.61538461538461,0
2025-12-25,36.41666666666667,0
2025-12-26,48.95833333333333,0
2025-12-27,48.09756097560975,0
2025-12-28,49.04166666666667,0
2025-12-29,30.71864406779661,0
2025-12-30,38.416666666666664,0
