Date,Last Price,Date,Last Price,Date,Last Price
12/19/2024,10.85,12/19/2024,3.14,12/19/2024,2.93
12/17/2024,3.3,12/18/2024,3.01,12/18/2024,2.88
12/13/2024,7.15,12/17/2024,2.84,12/17/2024,2.7
12/6/2024,6.85,12/16/2024,2.88,12/16/2024,2.72
12/5/2024,14,12/13/2024,3.14,12/13/2024,2.75
11/27/2024,10,12/12/2024,3.12,12/12/2024,2.92
11/25/2024,3.5,12/11/2024,3.13,12/11/2024,3
11/22/2024,2.85,12/10/2024,3.06,12/10/2024,2.76
11/13/2024,2.7,12/9/2024,3.06,12/9/2024,2.76
11/12/2024,2.78,12/6/2024,2.84,12/6/2024,2.6
10/23/2024,2,12/5/2024,2.95,12/5/2024,2.74
10/17/2024,1.95,12/4/2024,2.75,12/4/2024,2.71
10/16/2024,2.11,12/3/2024,2.94,12/3/2024,2.74
10/7/2024,1.58,12/2/2024,3.05,12/2/2024,2.82
10/4/2024,1.58,11/27/2024,3.37,11/27/2024,2.88
10/3/2024,1.7,11/26/2024,3.147,11/26/2024,3.106
9/13/2024,2.21,11/25/2024,2.774,11/25/2024,2.79
9/11/2024,2.09,11/22/2024,2.41,11/22/2024,2.36
9/6/2024,1.9,11/21/2024,2.84,11/21/2024,2.68
8/1/2024,1.85,11/20/2024,2.32,11/20/2024,2.4
7/24/2024,1.83,11/19/2024,2.1,11/19/2024,2
7/17/2024,2,11/18/2024,2.08,11/18/2024,1.88
7/12/2024,2.1,11/15/2024,1.65,11/15/2024,1.61
7/10/2024,1.94,11/14/2024,2.11,11/14/2024,1.8
7/9/2024,2.06,11/13/2024,2.04,11/13/2024,2
6/28/2024,1.6,11/12/2024,1.92,11/12/2024,1.87
6/14/2024,2,11/8/2024,1.22,11/8/2024,1.18
6/13/2024,1.9,11/7/2024,1.49,11/7/2024,1.44
6/12/2024,1.9,11/6/2024,1.8,11/6/2024,1.72
6/5/2024,1.65,11/5/2024,1.724,11/5/2024,1.52
5/31/2024,1.33,11/4/2024,1.466,11/4/2024,1.15
5/24/2024,1.55,11/1/2024,1.42,11/1/2024,1.19
5/21/2024,2.1,10/31/2024,1.82,10/31/2024,1.71
5/15/2024,1.81,10/30/2024,1.93,10/30/2024,1.78
5/13/2024,1.65,10/29/2024,2.03,10/29/2024,1.85
4/22/2024,1.65,10/28/2024,2.03,10/28/2024,1.85
4/17/2024,1.55,10/25/2024,1.94,10/25/2024,1.89
4/16/2024,1.43,10/24/2024,2.04,10/24/2024,1.91
4/15/2024,1.35,10/23/2024,1.9,10/23/2024,1.84
4/8/2024,1.5,10/22/2024,1.832,10/22/2024,1.7
4/5/2024,1.6,10/21/2024,1.77,10/21/2024,1.36
4/3/2024,2.08,10/18/2024,1.82,10/18/2024,1.4
4/2/2024,2.1,10/17/2024,2.19,10/17/2024,1.77
3/28/2024,1.57,10/16/2024,2.21,10/16/2024,2
3/27/2024,1.45,10/15/2024,2.37,10/15/2024,2
3/25/2024,1.6,10/14/2024,2.299,10/14/2024,2.133
3/20/2024,2.1,10/11/2024,2.31,10/11/2024,2.14
3/12/2024,1.55,10/10/2024,2.26,10/10/2024,2.12
3/11/2024,1.55,10/9/2024,2.43,10/9/2024,2.23
3/8/2024,1.61,10/8/2024,2.39,10/8/2024,2.38
2/27/2024,1.49,10/7/2024,2.506,10/7/2024,2.07
2/22/2024,2.15,10/4/2024,2.509,10/4/2024,2.07
1/31/2024,3.35,10/3/2024,2.75,10/3/2024,2.37
1/25/2024,2.37,10/2/2024,2.77,10/2/2024,2.5
1/24/2024,2.55,10/1/2024,2.67,10/1/2024,2.47
1/8/2024,3.55,9/30/2024,2.65,9/30/2024,2.37
12/15/2023,1.75,9/27/2024,2.657,9/27/2024,2.2
12/7/2023,2.85,9/26/2024,2.64,9/26/2024,2.37
12/5/2023,14.35,9/25/2024,2.705,9/25/2024,2.28
12/4/2023,6,9/24/2024,2.61,9/24/2024,2.35
11/28/2023,10.5,9/23/2024,2.589,9/23/2024,2.23
11/21/2023,2.78,9/20/2024,2.2,9/20/2024,1.89
11/20/2023,3.05,9/19/2024,2.337,9/19/2024,1.9
11/17/2023,3.7,9/18/2024,2.404,9/18/2024,2.02
11/15/2023,2.51,9/17/2024,2.34,9/17/2024,2.1
11/8/2023,2.04,9/16/2024,2.282,9/16/2024,1.9485
11/6/2023,1.76,9/13/2024,2.2565,9/13/2024,1.8725
11/3/2023,1.6,9/12/2024,2.216,9/12/2024,1.825
10/31/2023,4.41,9/11/2024,2.194,9/11/2024,1.7985
10/30/2023,3.23,9/10/2024,2.1375,9/10/2024,1.7905
10/27/2023,1.45,9/9/2024,2.0265,9/9/2024,1.7815
10/26/2023,1.28,9/6/2024,2.01,9/6/2024,1.64
10/24/2023,1.5,9/5/2024,2.01,9/5/2024,1.64
10/23/2023,1.8,9/4/2024,2.01,9/4/2024,1.64
10/9/2023,1.47,9/3/2024,2.01,9/3/2024,1.64
10/5/2023,1.26,8/30/2024,1.987,8/30/2024,1.6
10/4/2023,1.65,8/29/2024,1.868,8/29/2024,1.52
10/2/2023,1.55,8/28/2024,1.9,8/28/2024,1.53
9/28/2023,1,8/27/2024,1.91,8/27/2024,1.62
9/22/2023,1.1,8/26/2024,1.92,8/26/2024,1.79
9/20/2023,1.25,8/23/2024,1.88,8/23/2024,1.51
9/13/2023,1.85,8/22/2024,1.93,8/22/2024,1.51
9/6/2023,0.2,8/21/2024,2.14,8/21/2024,1.6
8/28/2023,1.41,8/20/2024,2.18,8/20/2024,1.71
8/23/2023,1.35,8/19/2024,2.167,8/19/2024,1.77
8/21/2023,1.4,8/16/2024,2.066,8/16/2024,1.73
8/11/2023,1.55,8/15/2024,2.123,8/15/2024,1.83
8/10/2023,1.43,8/14/2024,2.18,8/14/2024,1.83
8/9/2023,1.55,8/13/2024,2.16,8/13/2024,1.76
8/3/2023,1.65,8/12/2024,2.09,8/12/2024,1.78
7/27/2023,3.78,8/9/2024,1.94,8/9/2024,1.73
7/26/2023,6.3,8/8/2024,1.85,8/8/2024,1.67
7/25/2023,4.8,8/7/2024,1.972,8/7/2024,1.76
7/17/2023,2.06,8/6/2024,1.85,8/6/2024,1.73
7/14/2023,1.8,8/5/2024,1.82,8/5/2024,1.74
7/13/2023,1.82,8/2/2024,1.89,8/2/2024,1.69
7/11/2023,2.25,8/1/2024,1.96,8/1/2024,1.84
7/10/2023,2,7/31/2024,1.934,7/31/2024,1.76
6/21/2023,1.55,7/30/2024,1.858,7/30/2024,1.83
6/15/2023,1.68,7/29/2024,1.872,7/29/2024,1.72
6/7/2023,1.64,7/26/2024,1.84,7/26/2024,1.62
6/6/2023,1.8,7/25/2024,1.99,7/25/2024,1.58
6/1/2023,2.1,7/24/2024,2.01,7/24/2024,1.89
5/1/2023,2.43,7/23/2024,2.13,7/23/2024,1.81
4/27/2023,1.81,7/22/2024,2.18,7/22/2024,1.8
4/26/2023,2.3,7/19/2024,1.793,7/19/2024,1.758
4/25/2023,2.35,7/18/2024,2,7/18/2024,1.63
4/21/2023,1.9,7/17/2024,2,7/17/2024,1.65
4/20/2023,1.83,7/16/2024,2.1,7/16/2024,1.76
4/19/2023,2,7/15/2024,2.12,7/15/2024,1.94
4/18/2023,2.21,7/12/2024,2.17,7/12/2024,1.76
4/17/2023,2.17,7/11/2024,2.23,7/11/2024,1.67
4/14/2023,1.57,7/10/2024,2.4,7/10/2024,1.82
4/13/2023,1.53,7/9/2024,2.42,7/9/2024,1.91
4/12/2023,1.75,7/8/2024,2.099,7/8/2024,1.78
4/11/2023,1.75,7/3/2024,2.02,7/3/2024,1.51
4/10/2023,1.75,7/2/2024,2.06,7/2/2024,1.57
3/31/2023,2.1,7/1/2024,2.21,7/1/2024,1.68
3/29/2023,2.55,6/28/2024,2.359,6/28/2024,1.83
3/28/2023,2.19,6/27/2024,2.55,6/27/2024,1.96
3/27/2023,2.25,6/26/2024,2.45,6/26/2024,2.13
3/22/2023,2.1,6/25/2024,2.61,6/25/2024,2.28
3/16/2023,2.45,6/24/2024,2.572,6/24/2024,2.252
3/15/2023,3,6/21/2024,2.435,6/21/2024,2.1545
3/14/2023,3.2,6/20/2024,2.39,6/20/2024,2.17
3/13/2023,4.6,6/18/2024,2.43,6/18/2024,2.1
3/10/2023,2.83,6/17/2024,2.347,6/17/2024,2.08
3/9/2023,2.84,6/14/2024,2.74,6/14/2024,2.1
3/7/2023,3.6,6/13/2024,2.79,6/13/2024,2.12
2/28/2023,3.15,6/12/2024,2.8,6/12/2024,2.23
2/27/2023,7.19,6/11/2024,2.71,6/11/2024,1.82
2/22/2023,4.5,6/10/2024,2.62,6/10/2024,1.81
2/16/2023,2.73,6/7/2024,2.46,6/7/2024,1.47
2/15/2023,2.15,6/6/2024,2.3,6/6/2024,1.71
2/14/2023,2.15,6/5/2024,2.27,6/5/2024,1.62
2/10/2023,2.8,6/4/2024,2.57,6/4/2024,1.65
2/8/2023,2.5,6/3/2024,2.55,6/3/2024,1.54
2/7/2023,2.83,5/31/2024,1.745,5/31/2024,1.2
2/6/2023,3.25,5/30/2024,1.86,5/30/2024,1.39
1/27/2023,3.35,5/29/2024,2.11,5/29/2024,1.48
1/26/2023,3.35,5/28/2024,2.29,5/28/2024,1.62
1/24/2023,3.75,5/24/2024,2.22,5/24/2024,1.62
1/23/2023,5,5/23/2024,2.64,5/23/2024,1.95
1/18/2023,3.35,5/22/2024,2.51,5/22/2024,1.85
1/17/2023,4.5,5/21/2024,2.51,5/21/2024,1.94
1/12/2023,3.6,5/20/2024,2.52,5/20/2024,2.04
1/11/2023,3.66,5/17/2024,2.44,5/17/2024,1.85
1/6/2023,4.7,5/16/2024,2.32,5/16/2024,1.9
1/5/2023,4.8,5/15/2024,2.12,5/15/2024,1.9
1/4/2023,4.1,5/14/2024,2.14,5/14/2024,1.79
1/3/2023,3.85,5/13/2024,2.11,5/13/2024,1.7
12/29/2022,3.85,5/10/2024,2.14,5/10/2024,1.66
12/21/2022,7.15,5/9/2024,2.03,5/9/2024,1.69
12/20/2022,11,5/8/2024,2.01,5/8/2024,1.71
12/15/2022,10.5,5/7/2024,1.95,5/7/2024,1.66
12/13/2022,27,5/6/2024,1.88,5/6/2024,1.61
12/9/2022,15,5/3/2024,1.68,5/3/2024,1.45
12/8/2022,7,5/2/2024,1.66,5/2/2024,1.44
12/7/2022,5.15,5/1/2024,1.62,5/1/2024,1.41
12/6/2022,4.35,4/30/2024,1.68,4/30/2024,1.48
12/5/2022,4.5,4/29/2024,1.55,4/29/2024,1.37
12/2/2022,6.55,4/26/2024,1.41,4/26/2024,1.18
12/1/2022,6.5,4/25/2024,1.46,4/25/2024,1.27
11/30/2022,12,4/24/2024,1.6,4/24/2024,1.41
11/29/2022,7,4/23/2024,1.59,4/23/2024,1.49
11/28/2022,5.9,4/22/2024,1.64,4/22/2024,1.45
11/23/2022,6.5,4/19/2024,1.43,4/19/2024,1.38
11/22/2022,8.4,4/18/2024,1.597,4/18/2024,1.43
11/21/2022,12,4/17/2024,1.5,4/17/2024,1.32
11/18/2022,13,4/16/2024,1.39,4/16/2024,1.23
11/17/2022,9,4/15/2024,1.41,4/15/2024,1.19
11/16/2022,9,4/12/2024,1.32,4/12/2024,1.13
11/14/2022,6.7,4/11/2024,1.62,4/11/2024,1.39
11/9/2022,2.39,4/10/2024,1.89,4/10/2024,1.52
11/8/2022,3.43,4/9/2024,1.83,4/9/2024,1.56
11/7/2022,4,4/8/2024,1.72,4/8/2024,1.57
11/4/2022,0.95,4/5/2024,1.57,4/5/2024,1.54
11/3/2022,2,4/4/2024,1.78,4/4/2024,1.64
11/2/2022,3.77,4/3/2024,1.86,4/3/2024,1.79
11/1/2022,3.65,4/2/2024,1.65,4/2/2024,1.71
10/31/2022,3.75,4/1/2024,1.63,4/1/2024,1.66
10/27/2022,5,3/28/2024,1.54,3/28/2024,1.51
10/26/2022,4.56,3/27/2024,1.43,3/27/2024,1.31
10/25/2022,4.8,3/26/2024,1.58,3/26/2024,1.44
10/24/2022,3.95,3/25/2024,1.518,3/25/2024,1.38
10/20/2022,4.6,3/22/2024,1.507,3/22/2024,1.39
10/19/2022,5.65,3/21/2024,1.55,3/21/2024,1.47
10/18/2022,6.1,3/20/2024,1.58,3/20/2024,1.53
10/13/2022,5.4,3/19/2024,1.55,3/19/2024,1.54
10/12/2022,6.2,3/18/2024,1.53,3/18/2024,1.47
10/11/2022,5.75,3/15/2024,1.38,3/15/2024,1.32
10/10/2022,6.24,3/14/2024,1.24,3/14/2024,1.27
10/6/2022,6.15,3/13/2024,1.25,3/13/2024,1.21
10/5/2022,6.35,3/12/2024,1.57,3/12/2024,1.31
10/3/2022,5.1,3/11/2024,1.54,3/11/2024,1.41
9/28/2022,5.25,3/8/2024,1.54,3/8/2024,1.47
9/26/2022,4.3,3/7/2024,1.563,3/7/2024,1.4955
9/21/2022,6.35,3/6/2024,1.67,3/6/2024,1.59
9/20/2022,7.3,3/5/2024,1.51,3/5/2024,1.58
9/19/2022,7.28,3/4/2024,1.48,3/4/2024,1.51
9/12/2022,7.61,3/1/2024,1.47,3/1/2024,1.41
9/6/2022,7.95,2/29/2024,1.67,2/29/2024,1.49
8/31/2022,8.5,2/28/2024,1.61,2/28/2024,1.55
8/30/2022,8.65,2/27/2024,1.53,2/27/2024,1.46
8/29/2022,9.07,2/26/2024,1.65,2/26/2024,1.4
8/25/2022,8.83,2/23/2024,1.52,2/23/2024,1.35
8/24/2022,9.18,2/22/2024,1.6,2/22/2024,1.47
8/23/2022,9.6,2/21/2024,1.58,2/21/2024,1.53
8/22/2022,9.28,2/20/2024,1.5,2/20/2024,1.43
8/18/2022,8.85,2/16/2024,1.55,2/16/2024,1.51
8/16/2022,8.43,2/15/2024,1.53,2/15/2024,1.54
8/11/2022,7.8,2/14/2024,1.51,2/14/2024,1.5
8/10/2022,7.63,2/13/2024,1.61,2/13/2024,1.59
8/9/2022,7.58,2/12/2024,1.77,2/12/2024,1.72
8/5/2022,8.8,2/9/2024,1.7315,2/9/2024,1.677
8/1/2022,8.07,2/8/2024,1.74,2/8/2024,1.63
7/29/2022,7.95,2/7/2024,1.94,2/7/2024,1.69
7/27/2022,8.4,2/6/2024,2.09,2/6/2024,1.83
7/25/2022,8.24,2/5/2024,2.12,2/5/2024,1.94
7/22/2022,8.84,2/2/2024,2.02,2/2/2024,1.75
7/21/2022,11,2/1/2024,2.15,2/1/2024,1.91
7/20/2022,27.74,1/31/2024,2.19,1/31/2024,1.93
7/19/2022,10.25,1/30/2024,2.26,1/30/2024,1.98
7/18/2022,8.5,1/29/2024,2.41,1/29/2024,2.09
7/15/2022,6.35,1/26/2024,2.37,1/26/2024,2.1
7/13/2022,6.12,1/25/2024,2.56,1/25/2024,2.25
7/12/2022,6.4,1/24/2024,2.45,1/24/2024,2.25
7/11/2022,6.43,1/23/2024,2.15,1/23/2024,2.08
7/8/2022,5.4,1/22/2024,2.35,1/22/2024,2.08
6/30/2022,6.59,1/19/2024,2.69,1/19/2024,2.56
6/28/2022,6.25,1/18/2024,2.88,1/18/2024,3.12
6/24/2022,5.95,1/17/2024,2.85,1/17/2024,2.94
6/16/2022,7.85,1/16/2024,3.25,1/16/2024,4.01
6/15/2022,7.45,1/12/2024,13.2,1/12/2024,24.08
6/13/2022,8.7,1/11/2024,3.068,1/11/2024,3
6/7/2022,8.75,1/10/2024,3.25,1/10/2024,2.9
6/2/2022,10.39,1/9/2024,3.28,1/9/2024,3.02
6/1/2022,11,1/8/2024,2.72,1/8/2024,2.54
5/31/2022,8.65,1/5/2024,2.75,1/5/2024,2.43
5/27/2022,8.5,1/4/2024,2.83,1/4/2024,2.56
5/26/2022,8.5,1/3/2024,2.672,1/3/2024,2.51
5/20/2022,8.57,1/2/2024,2.612,1/2/2024,2.48
5/19/2022,8.23,12/29/2023,2.58,12/29/2023,2.13
5/18/2022,8.15,12/28/2023,2.55,12/28/2023,2.13
5/16/2022,8.1,12/27/2023,2.63,12/27/2023,2.1
5/13/2022,7.65,12/26/2023,2.5,12/26/2023,1.94
5/5/2022,8.15,12/22/2023,2.53,12/22/2023,1.64
5/4/2022,8.7,12/21/2023,2.52,12/21/2023,1.99
5/3/2022,8.55,12/20/2023,2.48,12/20/2023,2.16
4/28/2022,6.4,12/19/2023,2.44,12/19/2023,2.11
4/27/2022,11.5,12/18/2023,2.59,12/18/2023,2.27
4/22/2022,5.94,12/15/2023,2.44,12/15/2023,2.19
4/18/2022,7.9,12/14/2023,2.39,12/14/2023,2.09
4/13/2022,5.85,12/13/2023,2.33,12/13/2023,2.04
4/12/2022,6.25,12/12/2023,2.38,12/12/2023,2.15
4/7/2022,5.95,12/11/2023,2.39,12/11/2023,2.12
4/4/2022,5.55,12/8/2023,2.57,12/8/2023,2.23
3/29/2022,5.35,12/7/2023,2.52,12/7/2023,2.12
3/24/2022,4.71,12/6/2023,2.76,12/6/2023,2.37
3/23/2022,5,12/5/2023,2.73,12/5/2023,2.51
3/22/2022,5.15,12/4/2023,2.57,12/4/2023,2.42
3/21/2022,4.75,12/1/2023,2.63,12/1/2023,2.37
3/17/2022,4,11/30/2023,2.75,11/30/2023,2.46
3/16/2022,4.05,11/29/2023,2.725,11/29/2023,2.53
3/15/2022,4.05,11/28/2023,2.804,11/28/2023,2.6
3/14/2022,4.35,11/27/2023,2.74,11/27/2023,2.69
3/10/2022,4.63,11/22/2023,2.71,11/22/2023,2.52
3/9/2022,4.65,11/21/2023,2.62,11/21/2023,2.39
3/8/2022,5.31,11/20/2023,2.49,11/20/2023,2.35
3/7/2022,4.95,11/17/2023,2.62,11/17/2023,2.37
3/4/2022,4.67,11/16/2023,2.91,11/16/2023,2.54
3/1/2022,5.15,11/15/2023,2.88,11/15/2023,2.54
2/28/2022,7.81,11/14/2023,2.69,11/14/2023,2.64
2/22/2022,4.69,11/13/2023,2.61,11/13/2023,2.42
2/18/2022,8.6,11/9/2023,2.71,11/9/2023,2.17
2/17/2022,9.5,11/8/2023,2.18,11/8/2023,2.2
2/16/2022,4.15,11/7/2023,2,11/7/2023,1.78
2/15/2022,4.58,11/6/2023,2.71,11/6/2023,1.86
2/10/2022,3.9,11/3/2023,3,11/3/2023,2.09
2/9/2022,7.75,11/2/2023,3.12,11/2/2023,2.53
2/8/2022,9,11/1/2023,3.19,11/1/2023,2.72
2/7/2022,13.77,10/31/2023,3.34,10/31/2023,3.01
2/2/2022,18.25,10/30/2023,3.17,10/30/2023,3.32
2/1/2022,16.23,10/27/2023,3.23,10/27/2023,2.9
1/18/2022,15,10/26/2023,2.87,10/26/2023,2.33
1/12/2022,18,10/25/2023,2.8655,10/25/2023,2.032
1/11/2022,16.05,10/24/2023,2.85,10/24/2023,1.96
1/5/2022,13.2,10/23/2023,2.65,10/23/2023,1.97
12/28/2021,4,10/20/2023,2.61,10/20/2023,1.81
12/23/2021,6.04,10/19/2023,2.84,10/19/2023,2.24
12/17/2021,62.5,10/18/2023,2.92,10/18/2023,2.3
12/16/2021,4,10/17/2023,2.94,10/17/2023,2.11
12/15/2021,3.7,10/16/2023,2.99,10/16/2023,1.95
12/14/2021,3.76,10/13/2023,3.11,10/13/2023,1.84
12/13/2021,4.63,10/12/2023,3.16,10/12/2023,2.24
12/10/2021,3.93,10/11/2023,3.19,10/11/2023,2.37
12/9/2021,3.72,10/10/2023,3.34,10/10/2023,2.51
12/6/2021,7.65,10/9/2023,3.3,10/9/2023,2.48
12/3/2021,4.56,10/6/2023,3.13,10/6/2023,2.55
12/2/2021,7.81,10/5/2023,2.92,10/5/2023,2.48
12/1/2021,4.73,10/4/2023,2.91,10/4/2023,2.54
11/30/2021,7.78,10/3/2023,2.72,10/3/2023,2.35
11/29/2021,8.05,10/2/2023,2.7,10/2/2023,2.28
11/24/2021,6.68,9/29/2023,2.68,9/29/2023,2.13
11/23/2021,5.85,9/28/2023,2.74,9/28/2023,2.24
11/22/2021,12.73,9/27/2023,2.71,9/27/2023,2.27
11/19/2021,5.01,9/26/2023,2.55,9/26/2023,2.21
11/18/2021,5.06,9/25/2023,2.62,9/25/2023,2.17
11/17/2021,4.7,9/22/2023,2.63,9/22/2023,2.08
11/16/2021,4.91,9/21/2023,2.7,9/21/2023,2.18
11/15/2021,5.04,9/20/2023,2.78,9/20/2023,2.21
11/12/2021,5.13,9/19/2023,2.47,9/19/2023,2.4
11/11/2021,4.2,9/18/2023,2.54,9/18/2023,2.34
11/10/2021,4.22,9/15/2023,2.74,9/15/2023,2.35
11/9/2021,4.6,9/14/2023,2.81,9/14/2023,2.42
11/8/2021,5,9/13/2023,2.76,9/13/2023,2.34
11/5/2021,5.19,9/12/2023,2.72,9/12/2023,2.35
11/4/2021,5.7,9/11/2023,2.5,9/11/2023,2.33
11/3/2021,6.1,9/8/2023,2.591,9/8/2023,2.32
11/2/2021,5.75,9/7/2023,2.45,9/7/2023,2.31
11/1/2021,5.23,9/6/2023,2.49,9/6/2023,2.26
10/29/2021,5.35,9/5/2023,2.6,9/5/2023,2.32
10/27/2021,5.97,9/1/2023,2.708,9/1/2023,2.31
10/26/2021,5.97,8/31/2023,2.57,8/31/2023,2.31
10/25/2021,5.8,8/30/2023,2.48,8/30/2023,2.31
10/21/2021,5.19,8/29/2023,2.5,8/29/2023,2.3
10/20/2021,4.7,8/28/2023,2.59,8/28/2023,2.37
10/19/2021,4.37,8/25/2023,2.46,8/25/2023,2.16
10/18/2021,4.85,8/24/2023,2.42,8/24/2023,2.21
10/15/2021,5.45,8/23/2023,2.6,8/23/2023,2.35
10/14/2021,5.85,8/22/2023,2.58,8/22/2023,2.41
10/13/2021,5.65,8/21/2023,2.6,8/21/2023,2.39
10/12/2021,5.12,8/18/2023,2.44,8/18/2023,2.27
10/7/2021,5.34,8/17/2023,2.55,8/17/2023,2.36
10/6/2021,5.89,8/16/2023,2.55,8/16/2023,2.38
10/5/2021,6.5,8/15/2023,2.66,8/15/2023,2.46
10/4/2021,5,8/14/2023,2.74,8/14/2023,2.5
9/30/2021,4.75,8/11/2023,2.61,8/11/2023,2.49
9/28/2021,4.96,8/10/2023,2.83,8/10/2023,2.6
9/27/2021,4.65,8/9/2023,2.92,8/9/2023,2.62
9/24/2021,4.25,8/8/2023,2.77,8/8/2023,2.44
9/23/2021,4.49,8/7/2023,2.65,8/7/2023,2.41
9/22/2021,4.4,8/4/2023,2.53,8/4/2023,2.26
9/21/2021,4.3,8/3/2023,2.48,8/3/2023,2.25
9/20/2021,4.54,8/2/2023,2.43,8/2/2023,2.22
9/17/2021,5.3,8/1/2023,2.49,8/1/2023,2.24
9/16/2021,5.17,7/31/2023,2.58,7/31/2023,2.3
9/15/2021,5.5,7/28/2023,2.53,7/28/2023,2.27
9/14/2021,5.7,7/27/2023,2.47,7/27/2023,2.35
9/13/2021,5.05,7/26/2023,2.603,7/26/2023,2.43
9/10/2021,4.45,7/25/2023,2.66,7/25/2023,2.38
9/9/2021,4.3,7/24/2023,2.67,7/24/2023,2.43
9/8/2021,4.5,7/21/2023,2.61,7/21/2023,2.4
9/7/2021,4.4,7/20/2023,2.61,7/20/2023,2.37
9/3/2021,3.75,7/19/2023,2.51,7/19/2023,2.29
8/30/2021,4.14,7/18/2023,2.53,7/18/2023,2.3
8/27/2021,4,7/17/2023,2.43,7/17/2023,2.25
8/26/2021,4.14,7/14/2023,2.503,7/14/2023,2.22
8/25/2021,4.35,7/13/2023,2.5,7/13/2023,2.23
8/24/2021,4.3,7/12/2023,2.55,7/12/2023,2.33
8/23/2021,4.35,7/11/2023,2.57,7/11/2023,2.35
8/20/2021,3.85,7/10/2023,2.55,7/10/2023,2.28
8/19/2021,4.07,7/7/2023,2.48,7/7/2023,2.06
8/18/2021,3.89,7/6/2023,2.52,7/6/2023,2.15
8/17/2021,3.87,7/5/2023,2.65,7/5/2023,2.34
8/16/2021,3.8,6/30/2023,2.48,6/30/2023,2.27
8/13/2021,4.15,6/29/2023,2.5,6/29/2023,2.38
8/12/2021,4.21,6/28/2023,2.7,6/28/2023,2.43
8/11/2021,4.88,6/27/2023,2.67,6/27/2023,2.48
8/10/2021,4.57,6/26/2023,2.62,6/26/2023,2.39
8/9/2021,4.15,6/23/2023,2.22,6/23/2023,2.16
8/6/2021,4.07,6/22/2023,2.27,6/22/2023,2.22
8/5/2021,4.13,6/21/2023,2.22,6/21/2023,2.17
7/29/2021,2.88,6/20/2023,2.38,6/20/2023,2.28
7/28/2021,3.07,6/16/2023,2.13,6/16/2023,2.05
7/27/2021,3.35,6/15/2023,2.189,6/15/2023,2.04
7/26/2021,3.85,6/14/2023,2.05,6/14/2023,1.99
7/23/2021,3.35,6/13/2023,2,6/13/2023,1.97
7/20/2021,3.43,6/12/2023,1.9,6/12/2023,1.91
7/19/2021,3.77,6/9/2023,1.85,6/9/2023,1.73
7/15/2021,3.7,6/8/2023,2.1,6/8/2023,1.93
7/14/2021,3.6,6/7/2023,2.13,6/7/2023,1.95
7/13/2021,3.52,6/6/2023,1.95,6/6/2023,1.88
7/9/2021,3.1,6/5/2023,1.93,6/5/2023,1.89
7/8/2021,3.1,6/2/2023,1.793,6/2/2023,1.76
7/6/2021,3.78,6/1/2023,1.77,6/1/2023,1.73
7/2/2021,2.92,5/31/2023,2.1,5/31/2023,1.95
7/1/2021,3,5/30/2023,2.1,5/30/2023,1.96
6/30/2021,4.25,5/26/2023,1.88,5/26/2023,1.62
6/29/2021,5.06,5/25/2023,2.23,5/25/2023,1.93
6/28/2021,4.84,5/24/2023,2.25,5/24/2023,2
6/25/2021,3.95,5/23/2023,2.22,5/23/2023,2.11
6/21/2021,2.75,5/22/2023,2.3,5/22/2023,2.12
6/18/2021,3,5/19/2023,2.37,5/19/2023,2.2
6/17/2021,2.65,5/18/2023,2.3,5/18/2023,2.06
6/16/2021,2.42,5/17/2023,2.26,5/17/2023,2.16
6/15/2021,2.3,5/16/2023,2.28,5/16/2023,2.34
6/14/2021,2.45,5/15/2023,2.25,5/15/2023,2.19
6/11/2021,2.24,5/12/2023,1.98,5/12/2023,1.831
6/10/2021,2.4,5/11/2023,2.07,5/11/2023,1.83
6/9/2021,2.5,5/10/2023,2.12,5/10/2023,1.78
6/8/2021,3.45,5/9/2023,2.22,5/9/2023,1.96
6/7/2021,3.65,5/8/2023,2.12,5/8/2023,1.95
6/4/2021,2.9,5/5/2023,1.85,5/5/2023,1.58
6/3/2021,2.05,5/4/2023,1.96,5/4/2023,1.73
5/28/2021,2.45,5/3/2023,2.01,5/3/2023,1.88
5/26/2021,2.5,5/2/2023,2.12,5/2/2023,1.98
5/25/2021,2.62,5/1/2023,2.23,5/1/2023,2.11
5/24/2021,2.4,4/28/2023,2.27,4/28/2023,2.13
5/21/2021,2.48,4/27/2023,2.17,4/27/2023,1.95
5/20/2021,2.55,4/26/2023,2.19,4/26/2023,2.04
5/19/2021,2.75,4/25/2023,2.21,4/25/2023,2.14
5/18/2021,3,4/24/2023,2.18,4/24/2023,2.22
5/17/2021,3.25,4/21/2023,2.2,4/21/2023,2.13
5/14/2021,2,4/20/2023,2.19,4/20/2023,1.98
5/13/2021,2.16,4/19/2023,2.19,4/19/2023,1.96
5/12/2021,2.26,4/18/2023,2.23,4/18/2023,2.09
5/11/2021,2.4,4/17/2023,2.21,4/17/2023,2.13
5/10/2021,3.1,4/14/2023,1.87,4/14/2023,1.66
5/7/2021,2.75,4/13/2023,2.04,4/13/2023,1.57
5/6/2021,2.4,4/12/2023,2.21,4/12/2023,1.88
5/5/2021,3.06,4/11/2023,2.19,4/11/2023,2.05
5/4/2021,2.55,4/10/2023,2.14,4/10/2023,1.97
5/3/2021,3.25,4/6/2023,2.18,4/6/2023,2.07
4/30/2021,1.8,4/5/2023,2.17,4/5/2023,2.2
4/29/2021,2.4,4/4/2023,2.13,4/4/2023,2.15
4/28/2021,2.5,4/3/2023,2.09,4/3/2023,2.05
4/27/2021,2.55,3/31/2023,2.1,3/31/2023,2.11
4/26/2021,2.66,3/30/2023,1.95,3/30/2023,1.95
4/23/2021,2.3,3/29/2023,1.94,3/29/2023,2
4/22/2021,2.75,3/28/2023,2.02,3/28/2023,2.16
4/21/2021,4.5,3/27/2023,2.03,3/27/2023,2.19
4/20/2021,2.7,3/24/2023,2.04,3/24/2023,2.08
4/19/2021,2.5,3/23/2023,2.08,3/23/2023,2.08
4/15/2021,3.42,3/22/2023,2.03,3/22/2023,2.17
4/14/2021,2.4,3/21/2023,1.94,3/21/2023,2.06
4/13/2021,2.25,3/20/2023,2.174,3/20/2023,2.23
4/12/2021,1.9,3/17/2023,2.42,3/17/2023,2.38
4/8/2021,2,3/16/2023,2.45,3/16/2023,2.52
4/7/2021,2.1,3/15/2023,2.45,3/15/2023,2.36
4/5/2021,2.15,3/14/2023,2.64,3/14/2023,2.49
4/1/2021,2.25,3/13/2023,2.4,3/13/2023,2.55
3/31/2021,2.58,3/10/2023,2.368,3/10/2023,2.41
3/30/2021,1.95,3/9/2023,2.5,3/9/2023,2.53
3/29/2021,2,3/8/2023,2.5,3/8/2023,2.51
3/26/2021,1.95,3/7/2023,2.52,3/7/2023,2.54
3/25/2021,2.1,3/6/2023,2.46,3/6/2023,2.49
3/24/2021,2.03,3/3/2023,2.66,3/3/2023,2.59
3/23/2021,2.15,3/2/2023,2.7,3/2/2023,2.63
3/22/2021,2.16,3/1/2023,2.64,3/1/2023,2.53
3/19/2021,2.25,2/28/2023,2.5,2/28/2023,2.45
3/18/2021,3.52,2/27/2023,2.58,2/27/2023,2.42
3/17/2021,2.8,2/24/2023,2.36,2/24/2023,2.28
3/16/2021,2.74,2/23/2023,2.17,2/23/2023,2.29
3/15/2021,4.05,2/22/2023,2.05,2/22/2023,2.35
3/12/2021,5,2/21/2023,2.12,2/21/2023,2.18
3/11/2021,2.33,2/17/2023,2.28,2/17/2023,2.26
3/8/2021,2.85,2/16/2023,2.49,2/16/2023,2.46
3/4/2021,8,2/15/2023,2.45,2/15/2023,2.41
3/3/2021,8.25,2/14/2023,2.42,2/14/2023,2.36
3/2/2021,4.75,2/13/2023,2.42,2/13/2023,2.32
3/1/2021,7.15,2/10/2023,2.42,2/10/2023,2.33
2/26/2021,4,2/9/2023,2.4,2/9/2023,2.35
2/25/2021,2.68,2/8/2023,2.48,2/8/2023,2.43
2/24/2021,3.55,2/7/2023,2.35,2/7/2023,2.38
2/23/2021,3.19,2/6/2023,2.17,2/6/2023,2.19
2/22/2021,4.31,2/3/2023,2.4,2/3/2023,2.41
2/19/2021,6.83,2/2/2023,2.67,2/2/2023,2.84
2/18/2021,8.72,2/1/2023,2.65,2/1/2023,2.71
2/17/2021,10.7,1/31/2023,2.66,1/31/2023,2.82
2/16/2021,10.35,1/30/2023,2.85,1/30/2023,3.7
2/12/2021,8.02,1/27/2023,2.83,1/27/2023,4.03
2/11/2021,12.03,1/26/2023,2.72,1/26/2023,2.95
2/10/2021,10.34,1/25/2023,3.05,1/25/2023,2.98
2/9/2021,10.32,1/24/2023,3.35,1/24/2023,3.13
2/8/2021,10.31,1/23/2023,3.42,1/23/2023,3.22
2/5/2021,10.13,1/20/2023,3.163,1/20/2023,3.08
2/4/2021,6.6,1/19/2023,2.91,1/19/2023,2.95
2/3/2021,8.62,1/18/2023,3.2,1/18/2023,2.99
2/2/2021,8.13,1/17/2023,3.43,1/17/2023,3.13
2/1/2021,7.1,1/13/2023,3.5,1/13/2023,3.11
1/29/2021,4.8,1/12/2023,3.48,1/12/2023,3.44
1/28/2021,11.29,1/11/2023,3.24,1/11/2023,3.13
1/27/2021,9.92,1/10/2023,3.32,1/10/2023,3.11
1/26/2021,4.61,1/9/2023,3.65,1/9/2023,3.46
1/25/2021,4.68,1/6/2023,3.43,1/6/2023,3.26
1/22/2021,5.04,1/5/2023,3.77,1/5/2023,3.4
1/21/2021,2.86,1/4/2023,3.77,1/4/2023,3.43
1/19/2021,4.51,1/3/2023,3.74,1/3/2023,3.49
1/15/2021,5.21,12/30/2022,3.52,12/30/2022,3.48
1/14/2021,3.03,12/29/2022,3.74,12/29/2022,3.49
1/13/2021,4.54,12/28/2022,4,12/28/2022,3.97
1/12/2021,4.37,12/27/2022,4.88,12/27/2022,5
1/11/2021,3.67,12/23/2022,7.486,12/23/2022,8.31
1/8/2021,3.85,12/22/2022,7.09,12/22/2022,11.81
1/7/2021,3.36,12/21/2022,6,12/21/2022,15.04
1/5/2021,3.3,12/20/2022,5.25,12/20/2022,5.34
1/4/2021,3.39,12/19/2022,5.87,12/19/2022,6.32
12/31/2020,2.47,12/16/2022,6.6,12/16/2022,6.26
12/30/2020,2.69,12/15/2022,6.8,12/15/2022,6.24
12/29/2020,3.38,12/14/2022,6.6,12/14/2022,5.69
12/28/2020,4.06,12/13/2022,7.17,12/13/2022,6.01
12/23/2020,2.5,12/12/2022,6.73,12/12/2022,5.71
12/22/2020,3.35,12/9/2022,4.98,12/9/2022,4.9
12/21/2020,4.04,12/8/2022,4.7,12/8/2022,4.72
12/18/2020,7.41,12/7/2022,4.56,12/7/2022,4.33
12/17/2020,11.18,12/6/2022,4.53,12/6/2022,4.36
12/16/2020,10.02,12/5/2022,4,12/5/2022,4.41
12/15/2020,7.19,12/2/2022,4.808,12/2/2022,4.67
12/14/2020,6.46,12/1/2022,6.25,12/1/2022,5.55
12/11/2020,2.2,11/30/2022,6.797,11/30/2022,5.98
12/10/2020,2.2,11/29/2022,5.99,11/29/2022,6.43
12/9/2020,2.9,11/28/2022,6.02,11/28/2022,5.6
12/8/2020,2.61,11/23/2022,6.361,11/23/2022,6.23
12/7/2020,2.91,11/22/2022,6.18,11/22/2022,5.82
12/4/2020,3,11/21/2022,6.23,11/21/2022,6.18
12/3/2020,2.18,11/18/2022,6.09,11/18/2022,6
12/2/2020,2.36,11/17/2022,6.2,11/17/2022,6.23
12/1/2020,2.74,11/16/2022,5.791,11/16/2022,5.64
11/30/2020,2.35,11/15/2022,5.9,11/15/2022,5.89
11/26/2020,1.3,11/14/2022,6.05,11/14/2022,6.19
11/25/2020,1.3,11/10/2022,4.74,11/10/2022,5.02
11/24/2020,1.98,11/9/2022,3.46,11/9/2022,3.51
11/23/2020,3.26,11/8/2022,4,11/8/2022,3.48
11/20/2020,1.83,11/7/2022,4.2,11/7/2022,4
11/19/2020,1.5,11/4/2022,4.45,11/4/2022,1.54
11/18/2020,2.18,11/3/2022,4.453,11/3/2022,3.32
11/17/2020,4.56,11/2/2022,4.58,11/2/2022,3.62
11/16/2020,4.46,11/1/2022,4.289,11/1/2022,3.65
11/13/2020,2.15,10/31/2022,5.02,10/31/2022,4.36
11/12/2020,2.11,10/28/2022,4.85,10/28/2022,4.5
11/10/2020,0.95,10/27/2022,5.25,10/27/2022,4.97
11/9/2020,0.69,10/26/2022,5.201,10/26/2022,5.03
11/5/2020,0.78,10/25/2022,5.18,10/25/2022,4.93
11/4/2020,0.93,10/24/2022,4.81,10/24/2022,4.34
11/3/2020,1.9,10/21/2022,4.258,10/21/2022,3.86
11/2/2020,3.4,10/20/2022,4.841,10/20/2022,4.68
10/28/2020,6.5,10/19/2022,5.472,10/19/2022,5.2
10/27/2020,2.6,10/18/2022,5.921,10/18/2022,5.87
10/26/2020,3.2,10/17/2022,6.001,10/17/2022,5.8
10/22/2020,1.6,10/14/2022,5.795,10/14/2022,5.4865
10/21/2020,1.7,10/13/2022,6.25,10/13/2022,5.53
10/20/2020,2.15,10/12/2022,6.6,10/12/2022,5.8
10/19/2020,2,10/11/2022,6.2,10/11/2022,5.31
10/15/2020,1.85,10/10/2022,6.25,10/10/2022,5.53
10/14/2020,1.66,10/7/2022,5.886,10/7/2022,5.5
10/13/2020,1.7,10/6/2022,6.92,10/6/2022,6.37
10/12/2020,1.71,10/5/2022,6.3,10/5/2022,6.15
10/9/2020,0.74,10/4/2022,5.41,10/4/2022,5.25
10/8/2020,0.86,10/3/2022,5.64,10/3/2022,4.72
10/7/2020,1.43,9/30/2022,6.4,9/30/2022,4.58
10/6/2020,1.45,9/29/2022,6.58,9/29/2022,5.06
10/5/2020,1.45,9/28/2022,5.895,9/28/2022,5.16
10/1/2020,0.9,9/27/2022,6.539,9/27/2022,5.38
9/30/2020,1.35,9/26/2022,6.75,9/26/2022,5.08
9/29/2020,1.35,9/23/2022,6.75,9/23/2022,4.91
9/28/2020,1.58,9/22/2022,7.76,9/22/2022,6.34
9/25/2020,1.2,9/21/2022,8,9/21/2022,6.81
9/24/2020,1.65,9/20/2022,7.94,9/20/2022,7
9/23/2020,1.5,9/19/2022,7.857,9/19/2022,6.97
9/18/2020,1.4,9/16/2022,8.02,9/16/2022,6.92
9/17/2020,1.15,9/15/2022,8.6,9/15/2022,7.67
9/16/2020,1.25,9/14/2022,8.63,9/14/2022,8.08
9/15/2020,1.3,9/13/2022,8.38,9/13/2022,7.72
9/11/2020,1.35,9/12/2022,8.205,9/12/2022,7.55
9/10/2020,1.54,9/9/2022,8.25,9/9/2022,7.38
9/9/2020,1.9,9/8/2022,8.055,9/8/2022,7.53
9/8/2020,2.4,9/7/2022,8.12,9/7/2022,7.61
9/3/2020,1.63,9/6/2022,8.48,9/6/2022,7.92
9/2/2020,1.8,9/2/2022,8.971,9/2/2022,8.33
9/1/2020,1.65,9/1/2022,9.304,9/1/2022,8.77
8/28/2020,1.2,8/31/2022,8.93,8/31/2022,8.48
8/27/2020,1.4,8/30/2022,9.1,8/30/2022,8.46
8/26/2020,1.55,8/29/2022,9.24,8/29/2022,8.77
8/25/2020,1.55,8/26/2022,9.48,8/26/2022,8.72
8/24/2020,1.81,8/25/2022,9.32,8/25/2022,8.73
8/21/2020,1.48,8/24/2022,9.27,8/24/2022,8.75
8/20/2020,1.43,8/23/2022,9.75,8/23/2022,9.17
8/18/2020,1.55,8/22/2022,9.84,8/22/2022,8.89
8/17/2020,1.56,8/19/2022,9.11,8/19/2022,8.56
8/14/2020,1.3,8/18/2022,9.42,8/18/2022,8.67
8/13/2020,1.49,8/17/2022,9.51,8/17/2022,8.91
8/12/2020,1.7,8/16/2022,9.23,8/16/2022,8.74
8/11/2020,2.11,8/15/2022,8.54,8/15/2022,8.08
8/10/2020,2.25,8/12/2022,8.75,8/12/2022,8.26
8/6/2020,1.45,8/11/2022,8.53,8/11/2022,8.18
8/5/2020,1.6,8/10/2022,7.86,8/10/2022,7.76
8/4/2020,1.85,8/9/2022,7.87,8/9/2022,7.66
8/3/2020,1.72,8/8/2022,7.76,8/8/2022,7.42
7/31/2020,1.6,8/5/2022,8.158,8/5/2022,7.84
7/30/2020,1.59,8/4/2022,8.39,8/4/2022,7.86
7/29/2020,1.84,8/3/2022,7.85,8/3/2022,7.54
7/28/2020,1.94,8/2/2022,8.1,8/2/2022,7.53
7/27/2020,1.85,8/1/2022,8.2,8/1/2022,7.7
7/24/2020,1.83,7/29/2022,8.33,7/29/2022,7.97
7/23/2020,1.6,7/28/2022,8.66,7/28/2022,8.3
7/22/2020,1.62,7/27/2022,8.65,7/27/2022,8.39
7/21/2020,1.58,7/26/2022,9.46,7/26/2022,8.73
7/20/2020,1.7,7/25/2022,8.52,7/25/2022,8.26
7/17/2020,1.83,7/22/2022,8.1,7/22/2022,8.09
7/16/2020,1.52,7/21/2022,8,7/21/2022,7.76
7/14/2020,1.6,7/20/2022,7.58,7/20/2022,7.35
7/13/2020,1.55,7/19/2022,7.35,7/19/2022,7.16
7/10/2020,1.66,7/18/2022,7.571,7/18/2022,7.29
7/9/2020,1.6,7/15/2022,6.56,7/15/2022,6.35
7/8/2020,1.8,7/14/2022,6.86,7/14/2022,6.55
7/2/2020,1.55,7/13/2022,6.64,7/13/2022,6.29
7/1/2020,1.58,7/12/2022,6.81,7/12/2022,6.35
6/30/2020,1.74,7/11/2022,6.8,7/11/2022,6.4
6/26/2020,1.5,7/8/2022,6.39,7/8/2022,5.91
6/25/2020,1.55,7/7/2022,5.87,7/7/2022,5.88
6/24/2020,1.57,7/6/2022,5.65,7/6/2022,5.36
6/23/2020,1.72,7/5/2022,5.67,7/5/2022,5.38
6/22/2020,1.86,7/1/2022,5.65,7/1/2022,5.43
6/19/2020,1.64,6/30/2022,6.5,6/30/2022,6.07
6/18/2020,1.6,6/29/2022,6.58,6/29/2022,6.49
6/16/2020,1.45,6/28/2022,6.54,6/28/2022,6.47
6/12/2020,1.35,6/27/2022,6.04,6/27/2022,5.99
6/11/2020,1.75,6/24/2022,5.95,6/24/2022,5.91
6/9/2020,1.65,6/23/2022,6.47,6/23/2022,6.3
6/8/2020,1.8,6/22/2022,6.803,6/22/2022,6.52
6/5/2020,1.4,6/21/2022,6.6,6/21/2022,6.49
6/4/2020,1.68,6/17/2022,7.32,6/17/2022,6.92
6/3/2020,1.7,6/16/2022,7.88,6/16/2022,7.51
6/2/2020,1.8,6/15/2022,7.72,6/15/2022,7.4
6/1/2020,1.55,6/14/2022,7.59,6/14/2022,7
5/27/2020,1.6,6/13/2022,8.96,6/13/2022,8.39
5/26/2020,1.9,6/10/2022,8.65,6/10/2022,8.27
5/21/2020,1.75,6/9/2022,8.16,6/9/2022,7.89
5/20/2020,1.75,6/8/2022,9.43,6/8/2022,9.11
5/18/2020,1.75,6/7/2022,9.28,6/7/2022,8.9
5/14/2020,1.08,6/6/2022,8.96,6/6/2022,8.68
5/13/2020,1.2,6/3/2022,8.34,6/3/2022,7.94
5/11/2020,1.75,6/2/2022,8.87,6/2/2022,8.41
5/6/2020,1.85,6/1/2022,8.51,6/1/2022,8.18
5/5/2020,1.9,5/31/2022,8.46,5/31/2022,8.05
5/4/2020,1.6,5/27/2022,8.25,5/27/2022,7.84
4/29/2020,1.71,5/26/2022,9.096,5/26/2022,8.62
4/28/2020,1.73,5/25/2022,9.4,5/25/2022,8.93
4/27/2020,1.78,5/24/2022,8.78,5/24/2022,8.41
4/24/2020,1.82,5/23/2022,8.26,5/23/2022,8.07
4/23/2020,1.88,5/20/2022,7.97,5/20/2022,7.85
4/22/2020,1.9,5/19/2022,8.19,5/19/2022,8
4/21/2020,1.91,5/18/2022,8.42,5/18/2022,8.13
4/20/2020,1.82,5/17/2022,8.26,5/17/2022,8.04
4/16/2020,1.55,5/16/2022,7.99,5/16/2022,7.8
4/15/2020,1.74,5/13/2022,7.78,5/13/2022,7.29
4/14/2020,1.76,5/12/2022,7.25,5/12/2022,7.31
4/13/2020,1.75,5/11/2022,7.48,5/11/2022,7.42
4/9/2020,1.46,5/10/2022,7,5/10/2022,6.73
4/8/2020,1.85,5/9/2022,8.03,5/9/2022,7.26
4/6/2020,1.65,5/6/2022,8.41,5/6/2022,8.07
4/3/2020,1.4,5/5/2022,8.47,5/5/2022,8.06
4/2/2020,1.41,5/4/2022,8.29,5/4/2022,8.19
4/1/2020,1.46,5/3/2022,7.8,5/3/2022,7.9
3/31/2020,1.64,5/2/2022,7.29,5/2/2022,7.28
3/30/2020,1.53,4/29/2022,6.8355,4/29/2022,6.6835
3/27/2020,1.3,4/28/2022,6.795,4/28/2022,6.65
3/26/2020,1.45,4/27/2022,6.88,4/27/2022,6.97
3/25/2020,1.6,4/26/2022,6.843,4/26/2022,6.87
3/24/2020,1.67,4/25/2022,6.4,4/25/2022,6.6
3/23/2020,1.55,4/22/2022,6.59,4/22/2022,6.38
3/20/2020,1.6,4/21/2022,6.88,4/21/2022,6.6
3/19/2020,1.36,4/20/2022,7.1,4/20/2022,6.74
3/18/2020,1.42,4/19/2022,7.36,4/19/2022,7.05
3/16/2020,1.69,4/18/2022,7.48,4/18/2022,7.62
3/13/2020,1.78,4/14/2022,6.9,4/14/2022,6.94
3/12/2020,1.56,4/13/2022,6.68,4/13/2022,6.66
3/11/2020,1.76,4/12/2022,6.58,4/12/2022,6.58
3/10/2020,1.8,4/11/2022,6.34,4/11/2022,6.43
3/9/2020,1.57,4/8/2022,6.3,4/8/2022,6.07
3/6/2020,1.62,4/7/2022,6.03,4/7/2022,5.98
3/5/2020,1.81,4/6/2022,6.2,4/6/2022,6.21
3/4/2020,1.69,4/5/2022,5.94,4/5/2022,5.85
3/3/2020,1.69,4/4/2022,5.68,4/4/2022,5.54
3/2/2020,1.75,4/1/2022,5.39,4/1/2022,5.39
2/28/2020,1.75,3/31/2022,5.49,3/31/2022,5.37
2/27/2020,2.3,3/30/2022,5.32,3/30/2022,5.15
2/26/2020,2,3/29/2022,5.32,3/29/2022,5.03
2/25/2020,1.94,3/28/2022,5.43,3/28/2022,5.1
2/24/2020,1.93,3/25/2022,5.45,3/25/2022,5.19
2/20/2020,2.33,3/24/2022,5.26,3/24/2022,4.81
2/19/2020,2.7,3/23/2022,5.26,3/23/2022,4.76
2/18/2020,2.34,3/22/2022,5,3/22/2022,4.61
2/14/2020,2.12,3/21/2022,4.77,3/21/2022,4.22
2/13/2020,3.49,3/18/2022,4.9,3/18/2022,4.49
2/12/2020,2.45,3/17/2022,4.79,3/17/2022,4.5
2/11/2020,1.95,3/16/2022,4.68,3/16/2022,4.21
2/10/2020,2.06,3/15/2022,4.47,3/15/2022,4.26
2/7/2020,2.7,3/14/2022,4.56,3/14/2022,4.29
2/6/2020,2.63,3/11/2022,4.72,3/11/2022,4.51
2/5/2020,1.92,3/10/2022,4.59,3/10/2022,4.48
2/4/2020,2.14,3/9/2022,4.51,3/9/2022,4.46
2/3/2020,1.99,3/8/2022,4.57,3/8/2022,4.53
1/31/2020,1.82,3/7/2022,4.93,3/7/2022,4.73
1/30/2020,1.8,3/4/2022,4.74,3/4/2022,4.56
1/29/2020,2.2,3/3/2022,4.58,3/3/2022,4.39
1/28/2020,2.36,3/2/2022,4.65,3/2/2022,4.45
1/27/2020,2.05,3/1/2022,4.34,3/1/2022,4.25
1/24/2020,1.92,2/28/2022,4.29,2/28/2022,4.1
1/23/2020,1.95,2/25/2022,4.54,2/25/2022,4.36
1/22/2020,2,2/24/2022,4.76,2/24/2022,4.83
1/21/2020,2.7,2/23/2022,4.56,2/23/2022,4.72
1/17/2020,4.76,2/22/2022,4.48,2/22/2022,4.59
1/16/2020,6.87,2/18/2022,4.61,2/18/2022,4.37
1/15/2020,2.88,2/17/2022,4.56,2/17/2022,4.47
1/14/2020,2.4,2/16/2022,4.39,2/16/2022,4.32
1/13/2020,2.32,2/15/2022,4.31,2/15/2022,3.98
1/10/2020,1.87,2/14/2022,4.05,2/14/2022,3.88
1/9/2020,2.05,2/11/2022,3.92,2/11/2022,3.78
1/8/2020,2.67,2/10/2022,3.9,2/10/2022,3.66
1/7/2020,3.02,2/9/2022,4.04,2/9/2022,3.79
1/6/2020,2.97,2/8/2022,4.29,2/8/2022,4.08
1/3/2020,2.44,2/7/2022,4.37,2/7/2022,4.1
1/2/2020,2.22,2/4/2022,5.34,2/4/2022,5.07
12/31/2019,2.31,2/3/2022,6.1,2/3/2022,5.39
12/30/2019,2.35,2/2/2022,6.54,2/2/2022,6.37
12/27/2019,2.03,2/1/2022,5.4,2/1/2022,5.31
12/26/2019,2.24,1/31/2022,5.56,1/31/2022,5.08
12/24/2019,2.87,1/28/2022,5.65,1/28/2022,5.13
12/23/2019,4.81,1/27/2022,4.42,1/27/2022,4.41
12/20/2019,4.64,1/26/2022,4.45,1/26/2022,4.24
12/19/2019,11.39,1/25/2022,4.16,1/25/2022,4.12
12/18/2019,13.75,1/24/2022,4.17,1/24/2022,4.25
12/17/2019,11.17,1/21/2022,4.09,1/21/2022,3.89
12/16/2019,5,1/20/2022,4.17,1/20/2022,3.99
12/13/2019,2.74,1/19/2022,4.78,1/19/2022,4.65
12/12/2019,2.47,1/18/2022,4.48,1/18/2022,4.45
12/11/2019,5.4,1/14/2022,4.36,1/14/2022,4.13
12/10/2019,3.95,1/13/2022,4.75,1/13/2022,4.43
12/9/2019,2.55,1/12/2022,4.6,1/12/2022,4.41
12/6/2019,3.49,1/11/2022,4.03,1/11/2022,3.87
12/5/2019,3.49,1/10/2022,4.13,1/10/2022,3.96
12/3/2019,3.18,1/7/2022,3.83,1/7/2022,3.93
12/2/2019,3.5,1/6/2022,3.93,1/6/2022,3.95
11/26/2019,3.01,1/5/2022,3.77,1/5/2022,4.42
11/25/2019,2.71,1/4/2022,3.73,1/4/2022,3.89
11/22/2019,2.93,1/3/2022,3.59,1/3/2022,3.45
11/21/2019,2.8,12/30/2021,3.66,12/30/2021,3.63
11/20/2019,3.18,12/29/2021,3.396,12/29/2021,3.51
11/19/2019,3.36,12/28/2021,3.33,12/28/2021,3.56
11/18/2019,3.37,12/27/2021,3.42,12/27/2021,3.39
11/15/2019,3.35,12/23/2021,3.55,12/23/2021,3.34
11/14/2019,2.87,12/22/2021,4.01,12/22/2021,3.77
11/13/2019,4.75,12/21/2021,3.87,12/21/2021,3.7
11/12/2019,6.09,12/20/2021,3.89,12/20/2021,3.72
11/8/2019,3.03,12/17/2021,3.677,12/17/2021,3.52
11/7/2019,5.22,12/16/2021,3.67,12/16/2021,3.61
11/6/2019,3.16,12/15/2021,3.76,12/15/2021,3.59
11/5/2019,2.9,12/14/2021,3.64,12/14/2021,3.4
11/4/2019,2.31,12/13/2021,4.014,12/13/2021,3.92
11/1/2019,2.27,12/10/2021,3.63,12/10/2021,3.53
10/31/2019,2.25,12/9/2021,3.66,12/9/2021,3.44
10/28/2019,2.03,12/8/2021,3.79,12/8/2021,3.57
10/25/2019,1.52,12/7/2021,3.63,12/7/2021,3.55
10/17/2019,2.02,12/6/2021,3.64,12/6/2021,3.47
10/15/2019,1.8,12/3/2021,3.81,12/3/2021,3.73
10/14/2019,2.15,12/2/2021,4.07,12/2/2021,4.08
10/11/2019,1.3,12/1/2021,4.27,12/1/2021,3.94
10/9/2019,1.85,11/30/2021,4.52,11/30/2021,4.17
10/8/2019,1.5,11/29/2021,4.85,11/29/2021,4.69
10/7/2019,1.6,11/24/2021,4.9,11/24/2021,4.76
9/26/2019,1.43,11/23/2021,4.9,11/23/2021,4.7
9/23/2019,1.87,11/22/2021,4.79,11/22/2021,4.52
9/20/2019,1.65,11/19/2021,4.9,11/19/2021,4.78
9/19/2019,2.3,11/18/2021,4.96,11/18/2021,4.85
9/18/2019,2.2,11/17/2021,4.78,11/17/2021,4.73
9/17/2019,2.57,11/16/2021,5.05,11/16/2021,4.94
9/16/2019,2.4,11/15/2021,4.75,11/15/2021,4.54
9/13/2019,2.15,11/12/2021,4.87,11/12/2021,4.71
9/11/2019,2.48,11/11/2021,4.81,11/11/2021,4.71
9/10/2019,2.59,11/10/2021,4.56,11/10/2021,4.42
9/9/2019,2.25,11/9/2021,5.21,11/9/2021,4.66
9/5/2019,2,11/8/2021,5.371,11/8/2021,5.19
8/28/2019,2.12,11/5/2021,5.371,11/5/2021,5.1
8/22/2019,1.9,11/4/2021,5.7,11/4/2021,5.54
8/21/2019,2.23,11/3/2021,5.55,11/3/2021,5.51
8/20/2019,2.34,11/2/2021,5.33,11/2/2021,5.31
8/19/2019,2.43,11/1/2021,5.18,11/1/2021,5.01
8/16/2019,2.35,10/29/2021,5.42,10/29/2021,5.16
8/15/2019,2.2,10/28/2021,5.61,10/28/2021,5.38
8/14/2019,2.09,10/27/2021,5.86,10/27/2021,5.85
8/13/2019,2.1,10/26/2021,5.59,10/26/2021,5.56
8/12/2019,2.15,10/25/2021,5.6,10/25/2021,5.58
8/9/2019,1.9,10/22/2021,5.08,10/22/2021,4.98
8/8/2019,1.94,10/21/2021,4.92,10/21/2021,4.91
8/7/2019,2.06,10/20/2021,4.75,10/20/2021,4.8
8/6/2019,2.29,10/19/2021,4.79,10/19/2021,4.6
8/5/2019,2.05,10/18/2021,5.027,10/18/2021,4.76
8/2/2019,1.83,10/15/2021,5.44,10/15/2021,5.01
8/1/2019,2.15,10/14/2021,5.84,10/14/2021,5.6
7/31/2019,2.31,10/13/2021,5.42,10/13/2021,5.15
7/30/2019,2.31,10/12/2021,5.34,10/12/2021,5.08
7/29/2019,2.34,10/11/2021,5.4,10/11/2021,5.08
7/26/2019,2.18,10/8/2021,5.69,10/8/2021,5.15
7/25/2019,2.16,10/7/2021,5.71,10/7/2021,5.39
7/23/2019,2.11,10/6/2021,5.96,10/6/2021,5.72
7/22/2019,2.2,10/5/2021,6.2,10/5/2021,6.02
7/19/2019,2.58,10/4/2021,5.8,10/4/2021,5.75
7/18/2019,2.65,10/1/2021,5.59,10/1/2021,5.28
7/17/2019,2.4,9/30/2021,5.55,9/30/2021,5.39
7/16/2019,2.4,9/29/2021,5.64,9/29/2021,5.29
7/15/2019,2.52,9/28/2021,5.93,9/28/2021,5.44
7/12/2019,2.49,9/27/2021,5.5,9/27/2021,5.06
7/11/2019,2.54,9/24/2021,5.03,9/24/2021,4.48
7/10/2019,2.48,9/23/2021,4.91,9/23/2021,4.62
7/9/2019,2.38,9/22/2021,4.81,9/22/2021,4.64
7/8/2019,2.27,9/21/2021,4.9,9/21/2021,4.63
7/3/2019,2.15,9/20/2021,5.145,9/20/2021,4.95
7/2/2019,2.19,9/17/2021,5.259,9/17/2021,5.03
7/1/2019,2.21,9/16/2021,5.46,9/16/2021,5.24
6/28/2019,2.14,9/15/2021,5.6,9/15/2021,5.49
6/25/2019,2.2,9/14/2021,5.35,9/14/2021,5.11
6/14/2019,2.1,9/13/2021,5.17,9/13/2021,5.08
6/10/2019,2.21,9/10/2021,5.05,9/10/2021,4.81
6/7/2019,2.12,9/9/2021,4.97,9/9/2021,4.73
6/6/2019,2.16,9/8/2021,4.66,9/8/2021,4.75
6/5/2019,2.3,9/7/2021,4.68,9/7/2021,4.45
6/4/2019,2.28,9/3/2021,4.71,9/3/2021,4.52
6/3/2019,2.16,9/2/2021,4.63,9/2/2021,4.51
5/31/2019,2.15,9/1/2021,4.38,9/1/2021,4.4
5/30/2019,2.27,8/31/2021,4.337,8/31/2021,4.18
5/29/2019,2.35,8/30/2021,4.24,8/30/2021,4.13
5/28/2019,2.36,8/27/2021,4.33,8/27/2021,4.2
5/22/2019,2.27,8/26/2021,4.06,8/26/2021,4.02
5/20/2019,2.41,8/25/2021,3.933,8/25/2021,3.937
5/17/2019,2.31,8/24/2021,4.004,8/24/2021,3.9
5/15/2019,2.34,8/23/2021,3.92,8/23/2021,3.9
5/14/2019,2.55,8/20/2021,3.94,8/20/2021,3.76
5/13/2019,2.55,8/19/2021,3.83,8/19/2021,3.65
5/10/2019,2.3,8/18/2021,3.86,8/18/2021,3.71
5/7/2019,2.33,8/17/2021,3.93,8/17/2021,3.72
5/6/2019,2.25,8/16/2021,3.93,8/16/2021,3.75
5/3/2019,2.28,8/13/2021,3.9,8/13/2021,3.76
5/2/2019,2.4,8/12/2021,4.053,8/12/2021,3.85
5/1/2019,2.58,8/11/2021,4.07,8/11/2021,3.91
4/30/2019,2.51,8/10/2021,4.12,8/10/2021,3.97
4/29/2019,2.56,8/9/2021,4.13,8/9/2021,3.97
4/26/2019,2.35,8/6/2021,4.146,8/6/2021,4.03
4/25/2019,2.37,8/5/2021,4.198,8/5/2021,4.05
4/24/2019,2.4,8/4/2021,4.177,8/4/2021,4
4/23/2019,2.38,8/3/2021,3.992,8/3/2021,3.81
4/22/2019,2.35,8/2/2021,3.97,8/2/2021,3.83
4/18/2019,2.3,7/30/2021,3.91,7/30/2021,3.68
4/17/2019,2.4,7/29/2021,4,7/29/2021,3.81
4/16/2019,2.8,7/28/2021,4.05,7/28/2021,3.86
4/15/2019,2.64,7/27/2021,4.085,7/27/2021,3.9
4/12/2019,2.6,7/26/2021,4.09,7/26/2021,3.95
4/11/2019,2.62,7/23/2021,4.077,7/23/2021,3.88
4/10/2019,2.74,7/22/2021,3.975,7/22/2021,3.74
4/9/2019,3.27,7/21/2021,3.9,7/21/2021,3.75
4/8/2019,2.93,7/20/2021,3.82,7/20/2021,3.66
4/5/2019,2.59,7/19/2021,3.75,7/19/2021,3.63
4/4/2019,2.71,7/16/2021,3.7,7/16/2021,3.46
4/3/2019,2.74,7/15/2021,3.69,7/15/2021,3.47
4/1/2019,2.79,7/14/2021,3.76,7/14/2021,3.56
3/29/2019,3.13,7/13/2021,3.72,7/13/2021,3.52
3/27/2019,2.82,7/12/2021,3.7,7/12/2021,3.55
3/25/2019,3.53,7/9/2021,3.71,7/9/2021,3.48
3/22/2019,3.01,7/8/2021,3.52,7/8/2021,3.44
3/21/2019,2.92,7/7/2021,3.59,7/7/2021,3.4
3/20/2019,2.88,7/6/2021,3.68,7/6/2021,3.45
3/19/2019,3.12,7/2/2021,3.636,7/2/2021,3.41
3/18/2019,3.2,7/1/2021,3.5135,7/1/2021,3.3125
3/15/2019,3.07,6/30/2021,3.72,6/30/2021,3.53
3/14/2019,2.75,6/29/2021,3.75,6/29/2021,3.72
3/13/2019,2.85,6/28/2021,3.59,6/28/2021,3.61
3/12/2019,3,6/25/2021,3.4,6/25/2021,3.32
3/11/2019,3.85,6/24/2021,3.3,6/24/2021,3.17
3/8/2019,3.26,6/23/2021,3.33,6/23/2021,3.14
3/7/2019,4.3,6/22/2021,3.21,6/22/2021,3.05
3/6/2019,7.5,6/21/2021,3.15,6/21/2021,2.99
3/5/2019,9.52,6/18/2021,3.16,6/18/2021,3.06
3/4/2019,10,6/17/2021,3.18,6/17/2021,3.1
3/1/2019,7.75,6/16/2021,3.204,6/16/2021,3.09
2/28/2019,4.86,6/15/2021,3.3,6/15/2021,3.19
2/27/2019,5.96,6/14/2021,3.316,6/14/2021,3.18
2/26/2019,7.22,6/11/2021,3.23,6/11/2021,3.15
2/25/2019,6.74,6/10/2021,3.1,6/10/2021,3.05
2/21/2019,3.75,6/9/2021,3.1,6/9/2021,3.06
2/20/2019,3.3,6/8/2021,3.11,6/8/2021,3.08
2/13/2019,3.95,6/7/2021,2.98,6/7/2021,2.99
2/12/2019,3.6,6/4/2021,2.97,6/4/2021,2.87
2/8/2019,5.45,6/3/2021,3.01,6/3/2021,2.83
2/7/2019,2.9,6/2/2021,3.04,6/2/2021,2.94
2/6/2019,2.7,6/1/2021,2.95,6/1/2021,2.93
2/4/2019,2.92,5/28/2021,2.84,5/28/2021,2.77
1/28/2019,7.8,5/27/2021,2.84,5/27/2021,2.72
1/24/2019,8.89,5/26/2021,2.88,5/26/2021,2.8
1/23/2019,3.49,5/25/2021,2.84,5/25/2021,2.78
1/22/2019,4.77,5/24/2021,2.78,5/24/2021,2.71
1/18/2019,16.5,5/21/2021,2.8,5/21/2021,2.74
1/16/2019,12,5/20/2021,2.86,5/20/2021,2.78
1/15/2019,7.2,5/19/2021,2.88,5/19/2021,2.78
1/14/2019,6.4,5/18/2021,2.94,5/18/2021,2.86
1/10/2019,7.71,5/17/2021,2.96,5/17/2021,2.88
1/9/2019,6.25,5/14/2021,2.87,5/14/2021,2.69
1/8/2019,3.6,5/13/2021,2.87,5/13/2021,2.76
1/4/2019,3.1,5/12/2021,2.897,5/12/2021,2.778
1/3/2019,2.75,5/11/2021,2.88,5/11/2021,2.78
1/2/2019,3,5/10/2021,2.9,5/10/2021,2.78
12/28/2018,3.45,5/7/2021,2.9,5/7/2021,2.73
12/27/2018,3.49,5/6/2021,2.9,5/6/2021,2.76
12/26/2018,3.75,5/5/2021,2.98,5/5/2021,2.76
12/21/2018,5,5/4/2021,3,5/4/2021,2.78
12/19/2018,3.75,5/3/2021,2.95,5/3/2021,2.76
12/18/2018,5,4/30/2021,2.87,4/30/2021,2.64
12/14/2018,4.8,4/29/2021,2.85,4/29/2021,2.72
12/13/2018,5.17,4/28/2021,2.92,4/28/2021,2.79
12/12/2018,7.95,4/27/2021,2.86,4/27/2021,2.73
12/11/2018,10.01,4/26/2021,2.69,4/26/2021,2.57
12/10/2018,9.5,4/23/2021,2.72,4/23/2021,2.6
12/7/2018,9.51,4/22/2021,2.68,4/22/2021,2.63
12/6/2018,9.26,4/21/2021,2.64,4/21/2021,2.67
12/5/2018,7.27,4/20/2021,2.69,4/20/2021,2.77
12/4/2018,11.38,4/19/2021,2.68,4/19/2021,2.71
12/3/2018,12.99,4/16/2021,2.61,4/16/2021,2.6
11/30/2018,5.12,4/15/2021,2.57,4/15/2021,2.54
11/29/2018,5.11,4/14/2021,2.59,4/14/2021,2.54
11/28/2018,5.99,4/13/2021,2.54,4/13/2021,2.53
11/27/2018,5.74,4/12/2021,2.43,4/12/2021,2.43
11/26/2018,4.52,4/9/2021,2.42,4/9/2021,2.34
11/21/2018,7.4,4/8/2021,2.39,4/8/2021,2.37
11/20/2018,13.76,4/7/2021,2.39,4/7/2021,2.3
11/19/2018,12.43,4/6/2021,2.39,4/6/2021,2.25
11/16/2018,6.79,4/5/2021,2.38,4/5/2021,2.24
11/15/2018,5.48,4/1/2021,2.5,4/1/2021,2.39
11/14/2018,10.34,3/31/2021,2.49,3/31/2021,2.54
11/13/2018,7.86,3/30/2021,2.512,3/30/2021,2.39
11/12/2018,4.54,3/29/2021,2.504,3/29/2021,2.34
11/9/2018,4.5,3/26/2021,2.442,3/26/2021,2.29
11/8/2018,3.7,3/25/2021,2.468,3/25/2021,2.39
11/7/2018,3.78,3/24/2021,2.488,3/24/2021,2.34
11/6/2018,3.55,3/23/2021,2.503,3/23/2021,2.47
11/5/2018,3.25,3/22/2021,2.5,3/22/2021,2.36
11/2/2018,2.98,3/19/2021,2.455,3/19/2021,2.28
11/1/2018,2.97,3/18/2021,2.43,3/18/2021,2.37
10/31/2018,2.94,3/17/2021,2.505,3/17/2021,2.42
10/30/2018,3.15,3/16/2021,2.5,3/16/2021,2.38
10/29/2018,3.55,3/15/2021,2.526,3/15/2021,2.42
10/26/2018,3.17,3/12/2021,2.576,3/12/2021,2.46
10/25/2018,3.44,3/11/2021,2.601,3/11/2021,2.53
10/24/2018,4.23,3/10/2021,2.58,3/10/2021,2.5
10/23/2018,3.76,3/9/2021,2.552,3/9/2021,2.43
10/22/2018,3.33,3/8/2021,2.536,3/8/2021,2.47
10/19/2018,3.36,3/5/2021,2.67,3/5/2021,2.57
10/18/2018,3.19,3/4/2021,2.77,3/4/2021,2.62
10/17/2018,4.7,3/3/2021,2.84,3/3/2021,2.72
10/16/2018,3.45,3/2/2021,2.836,3/2/2021,2.75
10/15/2018,3.31,3/1/2021,2.7,3/1/2021,2.64
10/12/2018,2.86,2/26/2021,2.63,2/26/2021,2.59
10/11/2018,2.83,2/25/2021,2.77,2/25/2021,2.52
10/10/2018,3.07,2/24/2021,2.74,2/24/2021,2.69
10/9/2018,3.05,2/23/2021,2.805,2/23/2021,2.72
10/8/2018,2.97,2/22/2021,2.83,2/22/2021,2.72
10/5/2018,2.63,2/19/2021,4.9,2/19/2021,3.93
10/4/2018,3.33,2/18/2021,6.605,2/18/2021,6.18
10/3/2018,3.58,2/17/2021,16.353,2/17/2021,18.35
10/2/2018,3.49,2/16/2021,16.13,2/16/2021,21.99
10/1/2018,3.4,2/12/2021,6.01,2/12/2021,93.42
9/28/2018,3.41,2/11/2021,6.92,2/11/2021,7.94
9/26/2018,3.2,2/10/2021,3.73,2/10/2021,4.1
9/25/2018,3.21,2/9/2021,3.243,2/9/2021,3.27
9/24/2018,3.25,2/8/2021,3.29,2/8/2021,3.22
9/21/2018,3.13,2/5/2021,3.396,2/5/2021,3.51
9/20/2018,2.76,2/4/2021,2.956,2/4/2021,2.95
9/19/2018,2.92,2/3/2021,2.929,2/3/2021,2.84
9/18/2018,2.95,2/2/2021,3.15,2/2/2021,2.96
9/17/2018,3,2/1/2021,2.85,2/1/2021,2.76
9/14/2018,2.67,1/29/2021,2.73,1/29/2021,2.6
9/13/2018,2.75,1/28/2021,2.646,1/28/2021,2.56
9/12/2018,2.79,1/27/2021,2.73,1/27/2021,2.58
9/11/2018,2.85,1/26/2021,2.673,1/26/2021,2.58
9/10/2018,2.85,1/25/2021,2.571,1/25/2021,2.47
9/7/2018,2.57,1/22/2021,2.41,1/22/2021,2.38
9/6/2018,2.76,1/21/2021,2.499,1/21/2021,2.42
9/5/2018,3.12,1/20/2021,2.47,1/20/2021,2.35
9/4/2018,3.68,1/19/2021,2.596,1/19/2021,2.44
8/31/2018,3.12,1/15/2021,2.795,1/15/2021,2.64
8/30/2018,2.84,1/14/2021,2.772,1/14/2021,2.63
8/29/2018,3.57,1/13/2021,2.778,1/13/2021,2.62
8/28/2018,4.08,1/12/2021,2.869,1/12/2021,2.71
8/27/2018,3.83,1/11/2021,2.675,1/11/2021,2.55
8/24/2018,3.25,1/8/2021,2.7,1/8/2021,2.6
8/23/2018,2.91,1/7/2021,2.756,1/7/2021,2.64
8/22/2018,2.85,1/6/2021,2.707,1/6/2021,2.58
8/21/2018,2.91,1/5/2021,2.707,1/5/2021,2.58
8/20/2018,2.92,1/4/2021,2.56,1/4/2021,2.47
8/17/2018,2.91,12/31/2020,2.39,12/31/2020,2.3
8/16/2018,3.3,12/30/2020,2.36,12/30/2020,2.29
8/15/2018,4.16,12/29/2020,2.4,12/29/2020,2.27
8/14/2018,3.25,12/28/2020,2.257,12/28/2020,2.16
8/13/2018,3.17,12/24/2020,2.59,12/24/2020,2.48
8/10/2018,2.87,12/23/2020,2.686,12/23/2020,2.58
8/9/2018,3.05,12/21/2020,2.65,12/22/2020,2.6
8/8/2018,3.3,12/18/2020,2.7,12/21/2020,2.49
8/7/2018,3.45,12/17/2020,2.7,12/18/2020,2.56
8/6/2018,3.79,12/16/2020,2.63,12/17/2020,2.53
8/3/2018,3.11,12/15/2020,2.63,12/16/2020,2.54
8/2/2018,2.97,12/14/2020,2.67,12/15/2020,2.54
8/1/2018,3.13,12/11/2020,2.54,12/14/2020,2.58
7/31/2018,2.92,12/10/2020,2.45,12/11/2020,2.41
7/30/2018,2.84,12/9/2020,2.45,12/10/2020,2.25
7/27/2018,2.81,12/8/2020,2.36,12/9/2020,2.27
7/26/2018,2.98,12/7/2020,2.38,12/8/2020,2.21
7/25/2018,2.84,12/4/2020,2.45,12/7/2020,2.19
7/24/2018,2.75,12/3/2020,2.46,12/4/2020,2.33
7/23/2018,2.82,12/2/2020,2.75,12/3/2020,2.29
7/20/2018,2.63,12/1/2020,2.81,12/2/2020,2.6
7/19/2018,2.67,11/30/2020,2.86,12/1/2020,2.53
7/18/2018,2.66,11/24/2020,2.23,11/30/2020,2.66
7/17/2018,2.78,11/23/2020,2.23,11/26/2020,2.44
7/16/2018,2.99,11/20/2020,2.22,11/25/2020,2.44
7/13/2018,2.88,11/19/2020,2.19,11/24/2020,2.25
7/12/2018,2.69,11/18/2020,2.37,11/23/2020,2.24
7/11/2018,2.73,11/17/2020,2.55,11/20/2020,2.16
7/10/2018,2.63,11/16/2020,2.62,11/19/2020,2.06
7/9/2018,3,11/13/2020,2.85,11/18/2020,2.09
7/6/2018,2.54,11/12/2020,2.83,11/17/2020,2.3
7/5/2018,2.76,11/11/2020,2.684,11/16/2020,2.44
7/3/2018,3.14,11/10/2020,2.684,11/13/2020,2.66
7/2/2018,3.59,11/9/2020,2.58,11/12/2020,2.67
6/29/2018,3.45,11/5/2020,2.67,11/11/2020,2.56
6/28/2018,3.43,11/4/2020,2.59,11/10/2020,2.53
6/27/2018,2.79,11/3/2020,2.84,11/9/2020,2.33
6/26/2018,2.59,11/2/2020,2.999,11/6/2020,1.96
6/25/2018,2.558,10/30/2020,3.0345,11/5/2020,2.2
6/22/2018,2.43,10/27/2020,3.03,11/4/2020,2.4
6/21/2018,2.49,10/23/2020,2.9,11/3/2020,2.64
6/20/2018,2.78,10/22/2020,2.915,11/2/2020,2.93
6/19/2018,2.57,10/21/2020,2.822,10/29/2020,2.91
6/18/2018,2.91,10/20/2020,2.57,10/28/2020,2.99
6/15/2018,3.07,10/19/2020,2.3,10/27/2020,3.05
6/14/2018,2.43,10/16/2020,2.16,10/26/2020,3.06
6/13/2018,2.53,10/15/2020,2.18,10/23/2020,2.91
6/12/2018,2.43,10/14/2020,2.02,10/22/2020,2.93
6/11/2018,2.6,10/13/2020,2.12,10/21/2020,2.7
6/8/2018,2.24,10/12/2020,2.34,10/20/2020,2.68
6/7/2018,2.32,10/8/2020,1.49,10/19/2020,2.39
6/6/2018,2.5,10/7/2020,2.01,10/16/2020,2.14
6/5/2018,2.63,10/6/2020,1.86,10/15/2020,2.24
6/4/2018,2.63,10/5/2020,1.9,10/14/2020,2.07
6/1/2018,2.48,10/2/2020,1.4,10/13/2020,1.92
5/31/2018,2.69,10/1/2020,1.4,10/12/2020,1.75
5/30/2018,2.54,9/30/2020,1.63,10/9/2020,1.24
5/29/2018,2.5545,9/29/2020,1.7,10/8/2020,1.17
5/25/2018,2.13,9/28/2020,1.83,10/7/2020,1.56
5/24/2018,2.43,9/25/2020,1.9,10/6/2020,1.53
5/23/2018,2.42,9/24/2020,1.93,10/5/2020,1.45
5/22/2018,2.52,9/23/2020,1.74,10/2/2020,1.06
5/21/2018,2.36,9/22/2020,1.49,10/1/2020,1.27
5/18/2018,2.37,9/21/2020,1.33,9/30/2020,1.43
5/17/2018,2.4,9/18/2020,1.56,9/29/2020,1.35
5/16/2018,2.4,9/17/2020,1.65,9/28/2020,1.54
5/15/2018,2.54,9/16/2020,2.06,9/25/2020,1.69
5/14/2018,2.71,9/15/2020,2.19,9/24/2020,1.89
5/11/2018,2.27,9/14/2020,2.18,9/23/2020,1.74
5/10/2018,2.34,9/11/2020,1.93,9/22/2020,1.5
5/9/2018,2.29,9/10/2020,2.13,9/21/2020,1.44
5/8/2018,2.32,9/9/2020,2.19,9/18/2020,1.45
5/7/2018,2.24,9/8/2020,2.35,9/17/2020,1.65
5/4/2018,2.16,9/4/2020,1.8,9/16/2020,1.9
5/3/2018,2.47,9/3/2020,2.32,9/15/2020,1.91
5/2/2018,2.65,9/2/2020,2.15,9/14/2020,1.93
5/1/2018,2.78,9/1/2020,2.23,9/11/2020,1.78
4/30/2018,2.5,8/31/2020,2.3,9/10/2020,1.9
4/27/2018,2.64,8/28/2020,2.46,9/9/2020,1.95
4/26/2018,2.58,8/27/2020,2.572,9/8/2020,1.99
4/25/2018,2.72,8/26/2020,2.52,9/4/2020,1.99
4/24/2018,2.78,8/24/2020,2.52,9/3/2020,2.18
4/23/2018,2.76,8/21/2020,2.325,9/2/2020,2.15
4/20/2018,3.04,8/20/2020,2.383,9/1/2020,2.09
4/19/2018,5.05,8/19/2020,2.409,8/31/2020,2.07
4/18/2018,8.13,8/18/2020,2.409,8/28/2020,2.18
4/17/2018,6.75,8/17/2020,2.32,8/27/2020,2.28
4/16/2018,6.66,8/13/2020,2.185,8/26/2020,2.32
4/13/2018,3.74,8/12/2020,2.05,8/24/2020,2.39
4/12/2018,2.93,8/11/2020,2.15,8/21/2020,2.12
4/11/2018,4.24,8/10/2020,2.223,8/20/2020,2.19
4/10/2018,6.98,8/7/2020,2.15,8/19/2020,2.22
4/9/2018,8.02,8/6/2020,2.206,8/18/2020,2.2
4/5/2018,9.49,8/5/2020,2.17,8/17/2020,2.16
4/4/2018,6.38,8/4/2020,2.079,8/14/2020,2.1
4/3/2018,6.91,7/30/2020,1.797,8/13/2020,2.03
4/2/2018,4.79,7/29/2020,1.75,8/12/2020,1.91
3/29/2018,2.96,7/28/2020,1.74,8/11/2020,1.96
3/28/2018,2.35,7/27/2020,1.794,8/10/2020,1.94
3/27/2018,2.46,7/21/2020,1.63,8/7/2020,1.89
3/26/2018,2.62,7/20/2020,1.67,8/6/2020,1.92
3/23/2018,2.99,7/17/2020,1.74,8/5/2020,1.95
3/22/2018,2.76,7/16/2020,1.76,8/4/2020,1.92
3/21/2018,4.21,7/15/2020,1.73,8/3/2020,1.78
3/20/2018,5.62,7/14/2020,1.748,7/31/2020,1.66
3/19/2018,4.45,7/13/2020,1.73,7/30/2020,1.75
3/16/2018,6.96,7/9/2020,1.863,7/29/2020,1.77
3/15/2018,7.35,7/8/2020,1.78,7/28/2020,1.73
3/14/2018,6.1,7/7/2020,1.71,7/27/2020,1.69
3/13/2018,5.1538,7/6/2020,1.71,7/24/2020,1.65
3/12/2018,4.584,7/1/2020,1.611,7/23/2020,1.63
3/9/2018,3.32,6/30/2020,1.712,7/22/2020,1.58
3/8/2018,3.83,6/29/2020,1.64,7/21/2020,1.61
3/7/2018,4.17,6/26/2020,1.4,7/20/2020,1.56
3/6/2018,3.83,6/25/2020,1.5,7/17/2020,1.65
3/5/2018,3.29,6/24/2020,1.6,7/16/2020,1.69
3/2/2018,2.91,6/23/2020,1.59,7/15/2020,1.68
3/1/2018,2.86,6/22/2020,1.6,7/14/2020,1.66
2/28/2018,2.3,6/19/2020,1.46,7/13/2020,1.7
2/27/2018,2.3089,6/18/2020,1.44,7/10/2020,1.69
2/26/2018,2.5949,6/17/2020,1.48,7/9/2020,1.8
2/23/2018,2.15,6/16/2020,1.42,7/8/2020,1.78
2/22/2018,2.5,6/15/2020,1.62,7/7/2020,1.82
2/21/2018,2.95,6/12/2020,1.66,7/6/2020,1.72
2/20/2018,2.3,6/11/2020,1.77,7/2/2020,1.52
2/16/2018,2.57,6/10/2020,1.72,7/1/2020,1.55
2/15/2018,3.11,6/9/2020,1.75,6/30/2020,1.65
2/14/2018,2.43,6/8/2020,1.68,6/29/2020,1.63
2/13/2018,2.67,6/5/2020,1.8,6/26/2020,1.43
2/12/2018,4.7849,6/4/2020,1.7,6/25/2020,1.49
2/9/2018,3.11,6/3/2020,1.84,6/24/2020,1.58
2/8/2018,6.25,6/2/2020,1.58,6/23/2020,1.53
2/7/2018,8.0963,6/1/2020,1.52,6/22/2020,1.61
2/6/2018,9.44,5/29/2020,1.7,6/19/2020,1.52
2/2/2018,8.24,5/28/2020,1.79,6/18/2020,1.5
1/31/2018,6.86,5/27/2020,1.78,6/17/2020,1.51
1/30/2018,10.03,5/26/2020,1.79,6/16/2020,1.38
1/29/2018,14.96,5/22/2020,1.7,6/15/2020,1.45
1/26/2018,4.63,5/21/2020,1.75,6/12/2020,1.48
1/25/2018,9.64,5/20/2020,1.91,6/11/2020,1.57
1/23/2018,11.48,5/19/2020,1.85,6/10/2020,1.6
1/22/2018,3.28,5/18/2020,1.7,6/9/2020,1.62
1/19/2018,5.32,5/15/2020,1.66,6/8/2020,1.62
1/18/2018,7.11,5/14/2020,1.6,6/5/2020,1.59
1/17/2018,13.66,5/13/2020,1.58,6/4/2020,1.7
1/12/2018,16.35,5/12/2020,1.62,6/3/2020,1.76
1/11/2018,3.39,5/11/2020,1.71,6/2/2020,1.63
1/9/2018,10.25,5/8/2020,1.75,6/1/2020,1.53
1/8/2018,15.11,5/7/2020,1.84,5/29/2020,1.51
1/5/2018,28.64,5/6/2020,1.91,5/28/2020,1.65
1/3/2018,33.83,5/5/2020,1.93,5/27/2020,1.73
12/28/2017,19,5/4/2020,1.79,5/26/2020,1.7
12/27/2017,24.3,5/1/2020,1.69,5/22/2020,1.52
12/26/2017,52.2222,4/30/2020,1.66,5/21/2020,1.57
12/22/2017,17.3214,4/29/2020,1.73,5/20/2020,1.75
12/21/2017,6.68,4/28/2020,1.82,5/19/2020,1.76
12/19/2017,9.81,4/27/2020,1.68,5/18/2020,1.69
12/18/2017,4.77,4/24/2020,1.81,5/15/2020,1.54
12/14/2017,7.75,4/23/2020,1.89,5/14/2020,1.51
12/12/2017,10,4/22/2020,1.9,5/13/2020,1.53
12/11/2017,6.25,4/21/2020,1.92,5/12/2020,1.63
12/7/2017,4.08,4/20/2020,1.78,5/11/2020,1.74
12/6/2017,4.2,4/17/2020,1.7,5/8/2020,1.68
12/5/2017,3.42,4/16/2020,1.59,5/7/2020,1.85
12/4/2017,2.97,4/15/2020,1.68,5/6/2020,1.9
12/1/2017,2.85,4/14/2020,1.76,5/5/2020,1.97
11/30/2017,2.93,4/13/2020,1.86,5/4/2020,1.79
11/29/2017,3.16,4/9/2020,1.74,5/1/2020,1.71
11/27/2017,3.13,4/8/2020,1.86,4/30/2020,1.65
11/21/2017,3.3,4/7/2020,1.76,4/29/2020,1.65
11/16/2017,3.83,4/6/2020,1.64,4/28/2020,1.71
11/15/2017,3.39,4/3/2020,1.5,4/27/2020,1.71
11/14/2017,3.48,4/2/2020,1.54,4/24/2020,1.75
11/13/2017,4.31,4/1/2020,1.69,4/23/2020,1.83
11/10/2017,7.15,3/31/2020,1.71,4/22/2020,1.86
11/9/2017,8.7525,3/30/2020,1.71,4/21/2020,1.83
11/8/2017,3.49,3/27/2020,1.7,4/20/2020,1.74
11/7/2017,2.96,3/26/2020,1.73,4/17/2020,1.74
11/6/2017,2.33,3/25/2020,1.75,4/16/2020,1.53
11/3/2017,1.11,3/24/2020,1.73,4/15/2020,1.62
11/2/2017,1.28,3/23/2020,1.7,4/14/2020,1.69
11/1/2017,1.24,3/20/2020,1.76,4/13/2020,1.78
10/31/2017,2.3091,3/19/2020,1.68,4/9/2020,1.64
10/30/2017,3.12,3/18/2020,1.73,4/8/2020,1.74
10/27/2017,2.84,3/17/2020,1.89,4/7/2020,1.72
10/26/2017,2.99,3/16/2020,1.89,4/6/2020,1.65
10/25/2017,3.24,3/13/2020,1.97,4/3/2020,1.42
10/24/2017,3.06,3/12/2020,1.85,4/2/2020,1.45
10/23/2017,2.83,3/11/2020,1.98,4/1/2020,1.51
10/20/2017,2.52,3/10/2020,1.91,3/31/2020,1.56
10/19/2017,2.7,3/9/2020,1.74,3/30/2020,1.45
10/18/2017,2.96,3/6/2020,1.76,3/27/2020,1.37
10/17/2017,2.96,3/5/2020,1.89,3/26/2020,1.48
10/16/2017,3.33,3/4/2020,1.83,3/25/2020,1.52
10/13/2017,3.22,3/3/2020,1.78,3/24/2020,1.54
10/12/2017,2.92,3/2/2020,1.75,3/23/2020,1.49
10/11/2017,2.56,2/28/2020,1.79,3/20/2020,1.55
10/10/2017,3.02,2/27/2020,1.81,3/19/2020,1.54
10/9/2017,3.07,2/26/2020,1.96,3/18/2020,1.49
10/6/2017,2.67,2/25/2020,1.93,3/17/2020,1.64
10/5/2017,2.65,2/24/2020,1.94,3/16/2020,1.69
10/3/2017,2.6,2/21/2020,1.96,3/13/2020,1.75
10/2/2017,2.18,2/20/2020,2.01,3/12/2020,1.66
9/29/2017,1.7,2/19/2020,2.03,3/11/2020,1.78
9/27/2017,1.96,2/18/2020,2.05,3/10/2020,1.68
9/26/2017,3.05,2/14/2020,1.93,3/9/2020,1.53
9/25/2017,3.33,2/13/2020,1.95,3/6/2020,1.52
9/20/2017,2.78,2/12/2020,1.91,3/5/2020,1.64
9/19/2017,2.42,2/11/2020,1.82,3/4/2020,1.66
9/18/2017,2.14,2/10/2020,1.85,3/3/2020,1.6
9/15/2017,1.6,2/7/2020,1.88,3/2/2020,1.57
9/13/2017,2.18,2/6/2020,1.9,2/28/2020,1.58
9/11/2017,1.95,2/5/2020,1.89,2/27/2020,1.63
9/8/2017,1.12,2/4/2020,1.89,2/26/2020,1.76
9/7/2017,1.48,2/3/2020,1.9,2/25/2020,1.77
9/6/2017,1.69,1/31/2020,1.91,2/24/2020,1.73
9/5/2017,1.84,1/30/2020,1.94,2/21/2020,1.75
8/31/2017,1.75,1/29/2020,1.94,2/20/2020,1.83
8/30/2017,2.11,1/28/2020,1.98,2/19/2020,1.9
8/29/2017,2.18,1/27/2020,2.03,2/18/2020,1.86
8/28/2017,2.11,1/24/2020,1.92,2/14/2020,1.73
8/25/2017,1.7,1/23/2020,1.98,2/13/2020,1.8
8/24/2017,2.16,1/22/2020,1.9,2/12/2020,1.82
8/23/2017,2.28,1/21/2020,1.98,2/11/2020,1.72
8/22/2017,2.71,1/17/2020,2.06,2/10/2020,1.7
8/21/2017,3.23,1/16/2020,2.08,2/7/2020,1.77
8/18/2017,3.04,1/15/2020,2.01,2/6/2020,1.74
8/17/2017,2.34,1/14/2020,2.15,2/5/2020,1.74
8/16/2017,2.52,1/13/2020,2.14,2/4/2020,1.73
8/15/2017,2.77,1/10/2020,2.08,2/3/2020,1.73
8/14/2017,2.6,1/9/2020,2.05,1/31/2020,1.67
8/11/2017,2.08,1/8/2020,2.09,1/30/2020,1.77
8/10/2017,2.1,1/7/2020,2.17,1/29/2020,1.81
8/9/2017,2.11,1/6/2020,2.12,1/28/2020,1.82
8/8/2017,2.31,1/3/2020,2.06,1/27/2020,1.83
8/7/2017,2.27,1/2/2020,2.05,1/24/2020,1.77
8/4/2017,1.94,12/31/2019,2.09,1/23/2020,1.82
8/3/2017,2.61,12/30/2019,2.05,1/22/2020,1.79
8/2/2017,3.27,12/26/2019,2.09,1/21/2020,1.82
8/1/2017,2.67,12/24/2019,2.11,1/17/2020,1.97
7/31/2017,2.74,12/23/2019,2.17,1/16/2020,2
7/28/2017,1.93,12/20/2019,2.27,1/15/2020,1.98
7/27/2017,2.08,12/19/2019,2.21,1/14/2020,2.05
7/21/2017,2.49,12/18/2019,2.26,1/13/2020,2.03
7/20/2017,3.38,12/17/2019,2.32,1/10/2020,2.02
7/19/2017,3.9,12/16/2019,2.35,1/9/2020,1.96
7/18/2017,3.59,12/13/2019,2.25,1/8/2020,1.97
7/17/2017,2.96,12/12/2019,2.28,1/7/2020,2.02
7/14/2017,2.43,12/11/2019,2.28,1/6/2020,2.05
7/13/2017,2.27,12/10/2019,2.19,1/3/2020,1.92
7/12/2017,2.62,12/9/2019,2.17,1/2/2020,1.93
7/11/2017,2.73,12/6/2019,2.3,12/31/2019,1.94
7/10/2017,2.41,12/5/2019,2.37,12/30/2019,1.93
7/7/2017,2.38,12/4/2019,2.38,12/27/2019,1.8
7/6/2017,2.2,12/3/2019,2.42,12/26/2019,1.95
7/5/2017,2.25,12/2/2019,2.29,12/24/2019,1.98
6/30/2017,2.72,11/27/2019,2.46,12/23/2019,1.98
6/29/2017,3.14,11/26/2019,2.39,12/20/2019,2.11
6/28/2017,2.69,11/25/2019,2.51,12/19/2019,2.07
6/27/2017,2.36,11/22/2019,2.62,12/18/2019,2.12
6/26/2017,2.21,11/21/2019,2.53,12/17/2019,2.22
6/23/2017,2.36,11/20/2019,2.56,12/16/2019,2.26
6/22/2017,3.09,11/19/2019,2.53,12/13/2019,2.16
6/21/2017,2.9,11/18/2019,2.64,12/12/2019,2.13
6/20/2017,2.74,11/15/2019,2.7,12/11/2019,2.13
6/19/2017,2.6627,11/14/2019,2.68,12/10/2019,2.12
6/16/2017,2.46,11/13/2019,2.66,12/9/2019,2.12
6/15/2017,2.11,11/12/2019,2.74,12/6/2019,2.16
6/14/2017,2.13,11/11/2019,2.73,12/5/2019,2.19
6/13/2017,2.1,11/8/2019,2.87,12/4/2019,2.19
6/12/2017,3.34,11/7/2019,2.86,12/3/2019,2.24
6/9/2017,2.72,11/6/2019,2.77,12/2/2019,2.13
6/5/2017,2.52,11/5/2019,2.8,11/27/2019,2.25
5/30/2017,2.48,11/4/2019,2.77,11/26/2019,2.24
5/25/2017,2.86,11/1/2019,2.54,11/25/2019,2.33
5/24/2017,2.96,10/31/2019,2.73,11/22/2019,2.48
5/23/2017,3.04,10/30/2019,2.72,11/21/2019,2.42
5/22/2017,3.1,10/29/2019,2.61,11/20/2019,2.44
5/17/2017,4.3,10/28/2019,2.49,11/19/2019,2.43
5/16/2017,3.77,10/25/2019,2.28,11/18/2019,2.44
5/15/2017,3.94,10/24/2019,2.33,11/15/2019,2.52
5/12/2017,3.19,10/23/2019,2.34,11/14/2019,2.53
5/11/2017,3.22,10/22/2019,2.13,11/13/2019,2.47
5/10/2017,3.16,10/21/2019,2.13,11/12/2019,2.61
5/9/2017,3.23,10/18/2019,2.16,11/11/2019,2.66
5/8/2017,3.28,10/17/2019,2.29,11/8/2019,2.71
5/5/2017,2.98,10/16/2019,2.33,11/7/2019,2.79
5/4/2017,3.1,10/15/2019,2.26,11/6/2019,2.97
5/3/2017,3.34,10/14/2019,2.23,11/5/2019,2.78
5/2/2017,3.23,10/11/2019,2.12,11/4/2019,2.69
5/1/2017,2.96,10/10/2019,2.26,11/1/2019,2.28
4/28/2017,2.77,10/9/2019,2.26,10/31/2019,2.53
4/27/2017,2.89,10/8/2019,2.29,10/30/2019,2.67
4/25/2017,2.74,10/7/2019,2.36,10/29/2019,2.63
4/24/2017,3.6,10/4/2019,2.25,10/28/2019,2.51
4/21/2017,2.76,10/3/2019,2.31,10/25/2019,2.12
4/20/2017,2.89,10/2/2019,2.38,10/24/2019,2.25
4/18/2017,3.48,10/1/2019,2.36,10/23/2019,2.29
4/17/2017,3.3161,9/30/2019,2.37,10/22/2019,1.96
4/13/2017,2.63,9/27/2019,2.41,10/21/2019,1.96
4/12/2017,3.02,9/26/2019,2.57,10/18/2019,1.75
4/11/2017,3.2,9/25/2019,2.54,10/17/2019,1.98
4/10/2017,3.1,9/24/2019,2.6,10/16/2019,2.09
4/7/2017,3.31,9/23/2019,2.57,10/15/2019,1.97
4/6/2017,3.4,9/20/2019,2.66,10/14/2019,1.85
4/5/2017,3.22,9/19/2019,2.65,10/11/2019,1.74
4/4/2017,3.9,9/18/2019,2.72,10/10/2019,1.77
3/31/2017,3.8526,9/17/2019,2.7,10/9/2019,1.73
3/30/2017,3.69,9/16/2019,2.76,10/8/2019,1.7
3/29/2017,3.12,9/13/2019,2.62,10/7/2019,1.64
3/28/2017,2.95,9/12/2019,2.62,10/4/2019,1.63
3/27/2017,2.82,9/11/2019,2.63,10/3/2019,1.85
3/24/2017,2.6,9/10/2019,2.67,10/2/2019,1.9
3/23/2017,2.8,9/9/2019,2.65,10/1/2019,1.83
3/22/2017,4.08,9/6/2019,2.5,9/30/2019,1.82
3/21/2017,6.9153,9/5/2019,2.49,9/27/2019,1.75
3/17/2017,4.5625,9/4/2019,2.48,9/26/2019,1.95
3/16/2017,6.6141,9/3/2019,2.39,9/25/2019,1.98
3/15/2017,7.35,8/30/2019,2.34,9/24/2019,2.02
3/14/2017,8.1043,8/29/2019,2.36,9/23/2019,1.96
3/13/2017,7.8817,8/28/2019,2.3,9/20/2019,2
3/10/2017,8.1343,8/27/2019,2.24,9/19/2019,2.22
3/9/2017,6.0731,8/26/2019,2.25,9/18/2019,2.38
3/8/2017,3.03,8/23/2019,2.15,9/17/2019,2.38
3/7/2017,2.36,8/22/2019,2.28,9/16/2019,2.4
3/6/2017,2.5,8/21/2019,2.31,9/13/2019,2.25
3/3/2017,4.05,8/20/2019,2.35,9/12/2019,2.33
3/2/2017,4.4568,8/19/2019,2.26,9/11/2019,2.36
3/1/2017,3.25,8/16/2019,2.1851,9/10/2019,2.46
2/27/2017,2.2,8/15/2019,2.19,9/9/2019,2.36
2/24/2017,2.27,8/14/2019,2.22,9/6/2019,2.15
2/23/2017,2.12,8/13/2019,2.24,9/5/2019,2.17
2/22/2017,2.3,8/12/2019,2.21,9/4/2019,2.18
2/21/2017,2.73,8/9/2019,2.09,9/3/2019,2.1
2/17/2017,3.13,8/8/2019,2.13,8/30/2019,1.98
2/16/2017,3.5,8/7/2019,2.18,8/29/2019,2.03
2/15/2017,3.98,8/6/2019,2.15,8/28/2019,2.03
2/9/2017,5.9,8/5/2019,2.02,8/27/2019,1.93
2/8/2017,6.25,8/2/2019,2.12,8/26/2019,1.99
2/7/2017,3.34,8/1/2019,2.36,8/23/2019,1.87
2/6/2017,3.05,7/31/2019,2.28,8/22/2019,1.97
2/3/2017,4.5,7/30/2019,2.22,8/21/2019,2.11
2/2/2017,5.0266,7/29/2019,2.23,8/20/2019,2.14
2/1/2017,5.15,7/25/2019,2.26,8/19/2019,2.08
1/31/2017,4.7382,7/24/2019,2.26,8/16/2019,2.03
1/27/2017,5.21,7/23/2019,2.34,8/15/2019,2.01
1/26/2017,4.02,7/22/2019,2.33,8/14/2019,2.01
1/25/2017,3.54,7/19/2019,2.27,8/13/2019,2.03
1/24/2017,3.65,7/18/2019,2.38,8/12/2019,1.98
1/23/2017,3.65,7/17/2019,2.42,8/9/2019,1.9
1/20/2017,3.24,7/16/2019,2.42,8/8/2019,1.97
1/19/2017,3.74,7/15/2019,2.52,8/7/2019,2.04
1/18/2017,3.62,7/12/2019,2.54,8/6/2019,2.06
1/17/2017,3.73,7/11/2019,2.53,8/5/2019,1.93
1/13/2017,5.61,7/10/2019,2.48,8/2/2019,1.9
1/12/2017,5.01,7/9/2019,2.41,8/1/2019,2.1
1/11/2017,3.4943,7/8/2019,2.39,7/31/2019,2.08
1/10/2017,4,7/3/2019,2.29,7/30/2019,2.05
1/9/2017,5.39,7/2/2019,2.3,7/29/2019,2.02
1/4/2017,6.86,7/1/2019,2.33,7/25/2019,2.07
1/3/2017,5.12,6/28/2019,2.42,7/24/2019,2.02
12/30/2016,5,6/27/2019,2.31,7/23/2019,2.04
12/29/2016,5.67,6/26/2019,2.34,7/22/2019,2.05
12/28/2016,5.41,6/25/2019,2.31,7/19/2019,2.11
12/27/2016,5.54,6/24/2019,2.31,7/18/2019,2.24
12/23/2016,5.1,6/21/2019,2.27,7/17/2019,2.26
12/22/2016,8.74,6/20/2019,2.38,7/16/2019,2.23
12/21/2016,7.38,6/19/2019,2.43,7/15/2019,2.32
12/20/2016,8.6,6/18/2019,2.44,7/12/2019,2.36
12/15/2016,10.1931,6/17/2019,2.46,7/11/2019,2.35
12/14/2016,12.2746,6/14/2019,2.37,7/10/2019,2.33
12/13/2016,9.8602,6/13/2019,2.4,7/9/2019,2.16
12/12/2016,5.72,6/12/2019,2.43,7/8/2019,2.14
12/9/2016,10.7461,6/11/2019,2.41,7/5/2019,2.015
12/8/2016,10.4811,6/10/2019,2.42,7/3/2019,2
12/5/2016,6.05,6/7/2019,2.43,7/2/2019,2.09
12/2/2016,4.49,6/6/2019,2.4,7/1/2019,2.06
12/1/2016,3.65,6/5/2019,2.45,6/28/2019,2.11
11/30/2016,2.94,6/4/2019,2.45,6/27/2019,2.09
11/29/2016,2.55,6/3/2019,2.5,6/26/2019,2.09
11/28/2016,3.01,5/31/2019,2.54,6/25/2019,2.09
11/21/2016,4.04,5/30/2019,2.66,6/24/2019,2.03
11/18/2016,3.16,5/29/2019,2.69,6/21/2019,1.92
11/16/2016,2.38,5/28/2019,2.6,6/20/2019,2.1
11/15/2016,2.38,5/24/2019,2.597,6/19/2019,2.18
11/14/2016,2.32,5/23/2019,2.577,6/18/2019,2.2
11/11/2016,2.15,5/22/2019,2.68,6/17/2019,2.23
11/10/2016,2.2379,5/21/2019,2.73,6/14/2019,2.02
11/9/2016,2.99,5/20/2019,2.685,6/13/2019,2.09
11/8/2016,2.12,5/17/2019,2.61,6/12/2019,2.17
11/4/2016,1.7607,5/16/2019,2.574,6/11/2019,2.15
11/1/2016,1.95,5/15/2019,2.68,6/10/2019,2.13
10/31/2016,2.7591,5/14/2019,2.71,6/7/2019,2.1
10/28/2016,2.4893,5/13/2019,2.71,6/6/2019,2.19
10/26/2016,2.81,5/10/2019,2.54,6/5/2019,2.2
10/25/2016,3.08,5/9/2019,2.57,6/4/2019,2.17
10/24/2016,3.7395,5/8/2019,2.64,6/3/2019,2.18
10/21/2016,2.61,5/7/2019,2.56,5/31/2019,2.21
10/20/2016,1.7643,5/6/2019,2.56,5/30/2019,2.33
10/18/2016,3.08,5/3/2019,2.61,5/29/2019,2.42
10/14/2016,1.3313,5/2/2019,2.63,5/28/2019,2.34
10/13/2016,2.73,5/1/2019,2.66,5/24/2019,2.27
10/12/2016,2.8,4/30/2019,2.59,5/23/2019,2.27
10/11/2016,2.16,4/29/2019,2.62,5/22/2019,2.28
10/10/2016,1.84,4/26/2019,2.61,5/21/2019,2.39
10/7/2016,1.55,4/25/2019,2.54,5/20/2019,2.48
10/5/2016,2.47,4/24/2019,2.54,5/17/2019,2.4
9/30/2016,1.46,4/23/2019,2.53,5/16/2019,2.36
9/29/2016,2.31,4/22/2019,2.61,5/15/2019,2.33
9/28/2016,2.36,4/18/2019,2.54,5/14/2019,2.42
9/27/2016,1.85,4/17/2019,2.516,5/13/2019,2.42
9/23/2016,1.88,4/16/2019,2.66,5/10/2019,2.35
9/22/2016,2.7948,4/15/2019,2.69,5/9/2019,2.33
9/20/2016,3.4225,4/12/2019,2.75,5/8/2019,2.36
9/19/2016,3.2521,4/11/2019,2.74,5/7/2019,2.34
9/16/2016,2.38,4/10/2019,2.72,5/6/2019,2.36
9/15/2016,2.35,4/9/2019,2.71,5/3/2019,2.33
9/14/2016,3,4/8/2019,2.72,5/2/2019,2.42
9/12/2016,3.25,4/5/2019,2.61,5/1/2019,2.5
9/9/2016,3.015,4/4/2019,2.68,4/30/2019,2.42
9/8/2016,3.35,4/3/2019,2.74,4/29/2019,2.4
9/7/2016,3.5,4/2/2019,2.76,4/26/2019,2.27
9/6/2016,3.0319,4/1/2019,2.69,4/25/2019,2.23
9/2/2016,2.1,3/29/2019,2.73,4/24/2019,2.25
9/1/2016,2.65,3/28/2019,2.68,4/23/2019,2.23
8/31/2016,2.83,3/27/2019,2.69,4/22/2019,2.27
8/30/2016,3.2,3/26/2019,2.75,4/18/2019,2.32
8/26/2016,2.94,3/25/2019,2.72,4/17/2019,2.4
8/25/2016,3.2,3/22/2019,2.77,4/16/2019,2.48
8/24/2016,2.88,3/21/2019,2.8,4/15/2019,2.49
8/22/2016,2.75,3/20/2019,2.86,4/12/2019,2.54
8/19/2016,2.8351,3/19/2019,2.93,4/11/2019,2.58
8/18/2016,2.85,3/18/2019,2.9,4/10/2019,2.61
8/16/2016,3.92,3/15/2019,2.91,4/9/2019,2.6
8/15/2016,5.2538,3/14/2019,2.95,4/8/2019,2.61
8/10/2016,3.74,3/13/2019,2.87,4/5/2019,2.55
8/8/2016,2.9623,3/12/2019,2.83,4/4/2019,2.57
8/5/2016,2.23,3/11/2019,2.86,4/3/2019,2.57
8/4/2016,2.865,3/8/2019,2.893,4/2/2019,2.59
8/3/2016,2.96,3/7/2019,2.914,4/1/2019,2.63
8/2/2016,2.81,3/6/2019,2.958,3/29/2019,2.6
8/1/2016,2.8,3/5/2019,3.18,3/28/2019,2.56
7/29/2016,2.57,3/4/2019,4.25,3/27/2019,2.52
7/28/2016,2.26,3/1/2019,3.19,3/26/2019,2.6
7/26/2016,3.18,2/28/2019,2.97,3/25/2019,2.64
7/25/2016,3.22,2/27/2019,2.89,3/22/2019,2.66
7/22/2016,3.19,2/26/2019,2.98,3/21/2019,2.68
7/21/2016,2.91,2/25/2019,2.84,3/20/2019,2.68
7/20/2016,2.77,2/22/2019,2.74,3/19/2019,2.74
7/19/2016,2.77,2/21/2019,2.73,3/18/2019,2.73
7/18/2016,2.74,2/20/2019,2.73,3/15/2019,2.74
7/15/2016,2.8,2/19/2019,2.69,3/14/2019,2.73
7/14/2016,3.13,2/15/2019,2.59,3/13/2019,2.68
7/13/2016,3.08,2/14/2019,2.6,3/12/2019,2.65
7/12/2016,3.03,2/13/2019,2.63,3/11/2019,2.64
7/11/2016,2.91,2/12/2019,2.71,3/8/2019,2.81
7/8/2016,2.08,2/11/2019,2.76,3/7/2019,2.83
7/7/2016,3.1,2/7/2019,2.62,3/6/2019,2.97
7/6/2016,3.55,2/6/2019,2.58,3/5/2019,3.09
7/5/2016,3.2811,2/5/2019,2.56,3/4/2019,4.5
7/1/2016,2.34,2/4/2019,2.57,3/1/2019,8.84
6/30/2016,2.69,1/31/2019,2.85,2/28/2019,2.92
6/29/2016,2.92,1/30/2019,3,2/27/2019,2.94
6/28/2016,2.83,1/29/2019,2.96,2/26/2019,3.01
6/27/2016,2.82,1/28/2019,3.06,2/25/2019,2.94
6/24/2016,2.61,1/25/2019,3.1,2/22/2019,2.72
6/23/2016,2.65,1/24/2019,3.16,2/21/2019,2.7
6/22/2016,2.77,1/23/2019,3.13,2/20/2019,2.69
6/21/2016,2.69,1/22/2019,3.16,2/19/2019,2.69
6/20/2016,3.09,1/18/2019,3.43,2/15/2019,2.59
6/17/2016,2.33,1/17/2019,3.58,2/14/2019,2.6
6/16/2016,2.1,1/16/2019,3.61,2/13/2019,2.57
6/15/2016,2.15,1/15/2019,3.54,2/12/2019,2.63
6/14/2016,2.44,1/14/2019,3.36,2/11/2019,2.62
6/13/2016,2.1,1/11/2019,2.89,2/8/2019,2.53
6/10/2016,1.63,1/10/2019,2.95,2/7/2019,2.66
6/9/2016,1.7,1/9/2019,2.92,2/6/2019,2.57
6/8/2016,1.95,1/8/2019,2.89,2/5/2019,2.52
6/7/2016,2.14,1/7/2019,2.74,2/4/2019,2.52
6/6/2016,2.23,1/4/2019,2.8,1/31/2019,2.78
6/3/2016,1.95,1/3/2019,2.72,1/30/2019,5.62
6/2/2016,1.93,1/2/2019,2.82,1/29/2019,7.26
6/1/2016,2.03,12/31/2018,3.1875,1/28/2019,3.88
5/31/2016,1.99,12/28/2018,3.25,1/25/2019,3.11
5/27/2016,1.93,12/27/2018,3.1,1/24/2019,3.16
5/26/2016,1.81,12/26/2018,3.42,1/23/2019,3.09
5/25/2016,2,12/24/2018,3.57,1/22/2019,2.99
5/24/2016,2.27,12/21/2018,3.454,1/18/2019,3.24
5/23/2016,1.91,12/20/2018,3.6825,1/17/2019,3.39
5/20/2016,1.58,12/19/2018,3.6,1/16/2019,3.5
5/18/2016,1.74,12/18/2018,3.7,1/15/2019,3.42
5/16/2016,2.1525,12/17/2018,3.8,1/14/2019,3.28
5/13/2016,2.41,12/14/2018,3.99,1/11/2019,2.71
5/11/2016,2.06,12/13/2018,4.31,1/10/2019,2.71
5/6/2016,2.35,12/12/2018,4.28,1/9/2019,2.7
5/2/2016,2.55,12/11/2018,4.49,1/8/2019,2.72
4/21/2016,2.23,12/10/2018,4.54,1/7/2019,2.54
4/19/2016,2.5,12/7/2018,4.51,1/4/2019,2.61
4/18/2016,2.6,12/6/2018,4.44,1/3/2019,2.5
4/15/2016,1.98,12/5/2018,4.69,1/2/2019,2.62
4/14/2016,3.43,12/4/2018,4.7,12/31/2018,3.0792
4/13/2016,4,12/3/2018,4.37,12/28/2018,3.06
4/12/2016,4.5,11/30/2018,4.61,12/27/2018,2.97
4/11/2016,2.32,11/29/2018,4.5,12/26/2018,2.96
4/8/2016,4.2,11/28/2018,4.5,12/24/2018,3.2569
4/7/2016,3.7067,11/27/2018,4.41,12/21/2018,3.26
4/6/2016,2.39,11/26/2018,4.28,12/20/2018,3.44
4/5/2016,4.5318,11/21/2018,4.7,12/19/2018,3.32
4/4/2016,5.7487,11/20/2018,4.8,12/18/2018,3.48
3/31/2016,1.35,11/19/2018,4.65,12/17/2018,3.36
3/30/2016,1.3,11/16/2018,4.3,12/14/2018,3.68
3/29/2016,1.77,11/15/2018,4.69,12/13/2018,4.06
3/28/2016,1.59,11/14/2018,4.57,12/12/2018,3.95
3/24/2016,1.29,11/13/2018,4.1,12/11/2018,4.26
3/23/2016,1.38,11/12/2018,3.96,12/10/2018,4.37
3/22/2016,1.35,11/9/2018,3.83,12/7/2018,4.32
3/18/2016,3.08,11/8/2018,3.59,12/6/2018,4.22
3/16/2016,1.48,11/7/2018,3.54,12/5/2018,4.47
3/15/2016,1.69,11/6/2018,3.53,12/4/2018,4.44
3/11/2016,1.1821,11/5/2018,3.53,12/3/2018,4.39
3/10/2016,1.15,11/2/2018,3.26,11/30/2018,4.41
3/9/2016,1.09,11/1/2018,3.35,11/29/2018,4.44
3/8/2016,1.14,10/31/2018,3.31,11/28/2018,4.4
3/7/2016,1.5,10/30/2018,3.27,11/27/2018,4.28
3/3/2016,3.6,10/29/2018,3.22,11/26/2018,4.38
3/2/2016,4.5,10/26/2018,3.27,11/23/2018,4.5675
3/1/2016,3.1716,10/25/2018,3.38,11/21/2018,4.59
2/29/2016,1.95,10/24/2018,3.43,11/20/2018,4.64
2/26/2016,1.61,10/23/2018,3.32,11/19/2018,4.61
2/25/2016,2.8477,10/22/2018,3.24,11/16/2018,4.24
2/24/2016,1.75,10/19/2018,3.22,11/15/2018,4.48
2/23/2016,1.67,10/18/2018,3.3,11/14/2018,4.58
2/22/2016,3,10/17/2018,3.32,11/13/2018,4.05
2/19/2016,2.28,10/16/2018,3.29,11/12/2018,4.04
2/18/2016,3.075,10/15/2018,3.28,11/9/2018,3.9
2/17/2016,4.4,10/12/2018,3.22,11/8/2018,3.76
2/16/2016,3.2,10/11/2018,3.18,11/7/2018,3.68
2/12/2016,7.7727,10/10/2018,3.45,11/6/2018,3.68
2/11/2016,6.7391,10/9/2018,3.4,11/5/2018,3.52
2/10/2016,7.0253,10/8/2018,3.31,11/2/2018,3.12
2/8/2016,5.5214,10/5/2018,3.28,11/1/2018,3.16
2/5/2016,3.2208,10/4/2018,3.39,10/31/2018,3.1
2/4/2016,2.9245,10/3/2018,3.26,10/30/2018,3.18
2/3/2016,1.9,10/2/2018,3.15,10/29/2018,3.19
2/2/2016,1.99,10/1/2018,3.14,10/26/2018,3.25
2/1/2016,2.22,9/28/2018,3.019,10/25/2018,3.39
1/29/2016,2.6,9/27/2018,3.046,10/24/2018,3.52
1/28/2016,2.598,9/26/2018,3.104,10/23/2018,3.49
1/27/2016,3.45,9/25/2018,3.1336,10/22/2018,3.4
1/26/2016,4.4864,9/24/2018,3.04,10/19/2018,3.33
1/22/2016,5.0305,9/21/2018,3.02,10/18/2018,3.25
1/20/2016,5.25,9/20/2018,3.07,10/17/2018,3.41
1/19/2016,5.2505,9/19/2018,3.11,10/16/2018,3.39
1/15/2016,5.2794,9/18/2018,3,10/15/2018,3.29
1/14/2016,3.48,9/17/2018,2.95,10/12/2018,3.15
1/13/2016,4.7318,9/14/2018,2.91,10/11/2018,3.18
1/12/2016,6.1259,9/13/2018,2.96,10/10/2018,3.39
1/11/2016,5.2648,9/12/2018,2.98,10/9/2018,3.26
1/8/2016,3.5,9/11/2018,2.94,10/8/2018,3.12
1/7/2016,3.77,9/10/2018,2.9,10/5/2018,2.85
1/6/2016,4.47,9/7/2018,2.88,10/4/2018,3.03
1/5/2016,5.5882,9/6/2018,2.93,10/3/2018,3.17
1/4/2016,7.9167,9/5/2018,3,10/2/2018,2.98
12/31/2015,5.2278,9/4/2018,2.96,10/1/2018,2.89
12/30/2015,4.74,8/31/2018,2.96,9/28/2018,2.77
12/29/2015,4.3787,8/30/2018,2.95,9/26/2018,2.85
12/28/2015,4.68,8/29/2018,2.98,9/25/2018,2.88
12/24/2015,1.5684,8/28/2018,2.98,9/24/2018,2.8
12/23/2015,0.97,8/27/2018,2.98,9/21/2018,2.85
12/22/2015,1.33,8/24/2018,2.99,9/20/2018,2.79
12/21/2015,1.52,8/23/2018,2.97,9/19/2018,2.91
12/18/2015,2.94,8/22/2018,3.02,9/18/2018,2.91
12/17/2015,2.35,8/21/2018,3.01,9/17/2018,2.86
12/16/2015,1.68,8/20/2018,3.03,9/14/2018,2.69
12/15/2015,1.68,8/17/2018,3.01,9/13/2018,2.75
12/14/2015,1.34,8/16/2018,3.02,9/12/2018,2.69
12/11/2015,1.08,8/15/2018,3.03,9/11/2018,2.62
12/10/2015,1.392,8/14/2018,3.02,9/10/2018,2.59
12/9/2015,1.85,8/13/2018,2.92,9/7/2018,2.66
12/8/2015,2.13,8/10/2018,2.96,9/6/2018,2.71
12/7/2015,2.5399,8/9/2018,3.02,9/5/2018,2.85
12/4/2015,2.11,8/8/2018,2.99,9/4/2018,2.8
12/3/2015,2.73,8/7/2018,2.9272,8/31/2018,2.75
12/2/2015,3.09,8/6/2018,2.8613,8/30/2018,2.73
12/1/2015,2.2,8/3/2018,2.8412,8/29/2018,2.73
,,8/2/2018,2.7893,8/28/2018,2.8
,,8/1/2018,2.801,8/27/2018,2.85
,,7/31/2018,2.8159,8/24/2018,2.83
,,7/30/2018,2.72,8/23/2018,2.82
,,7/27/2018,2.78,8/22/2018,2.83
,,7/26/2018,2.7755,8/21/2018,2.85
,,7/25/2018,2.7729,8/20/2018,2.89
,,7/24/2018,2.7178,8/17/2018,2.89
,,7/23/2018,2.7048,8/16/2018,2.93
,,7/20/2018,2.77,8/15/2018,2.96
,,7/19/2018,2.7158,8/14/2018,2.97
,,7/18/2018,2.7234,8/13/2018,2.94
,,7/17/2018,2.7845,8/10/2018,2.83
,,7/16/2018,2.7378,8/9/2018,2.93
,,7/13/2018,2.86,8/8/2018,2.99
,,7/12/2018,2.8378,8/7/2018,2.97
,,7/11/2018,2.835,8/6/2018,3
,,7/10/2018,2.84,8/3/2018,2.83
,,7/9/2018,2.8554,8/2/2018,2.74
,,7/6/2018,2.91,8/1/2018,2.75
,,7/5/2018,2.8609,7/31/2018,2.72
,,7/3/2018,2.8664,7/30/2018,2.66
,,7/2/2018,2.868,7/27/2018,2.64
,,6/29/2018,2.97,7/26/2018,2.7
,,6/28/2018,2.9664,7/25/2018,2.7
,,6/27/2018,2.9951,7/24/2018,2.66
,,6/26/2018,2.9301,7/23/2018,2.67
,,6/25/2018,2.929,7/20/2018,2.65
,,6/22/2018,2.9408,7/19/2018,2.57
,,6/21/2018,2.9978,7/18/2018,2.65
,,6/20/2018,2.9479,7/17/2018,2.7
,,6/19/2018,2.9,7/16/2018,2.67
,,6/18/2018,2.9702,7/13/2018,2.61
,,6/15/2018,3.02,7/12/2018,2.73
,,6/14/2018,2.9554,7/11/2018,2.72
,,6/13/2018,2.9413,7/10/2018,2.71
,,6/12/2018,2.9196,7/9/2018,2.68
,,6/11/2018,2.9478,7/6/2018,2.62
,,6/8/2018,2.92,7/5/2018,2.72
,,6/7/2018,2.931,7/3/2018,2.72
,,6/6/2018,2.8409,7/2/2018,2.8
,,6/5/2018,2.8665,6/29/2018,2.8
,,6/4/2018,2.9018,6/28/2018,2.83
,,6/1/2018,2.93,6/27/2018,2.82
,,5/31/2018,2.8873,6/26/2018,2.71
,,5/30/2018,2.829,6/25/2018,2.6
,,5/29/2018,2.8238,6/22/2018,2.64
,,5/25/2018,2.9,6/21/2018,2.79
,,5/24/2018,2.8683,6/20/2018,2.73
,,5/23/2018,2.8585,6/19/2018,2.69
,,5/22/2018,2.7826,6/18/2018,2.77
,,5/21/2018,2.7681,6/15/2018,2.78
,,5/18/2018,2.78,6/14/2018,2.72
,,5/17/2018,2.75,6/13/2018,2.7
,,5/16/2018,2.7762,6/12/2018,2.67
,,5/15/2018,2.85,6/11/2018,2.72
,,5/14/2018,2.82,6/8/2018,2.64
,,5/11/2018,2.7545,6/7/2018,2.7
,,5/10/2018,2.7342,6/6/2018,2.66
,,5/9/2018,2.7227,6/5/2018,2.66
,,5/8/2018,2.7161,6/4/2018,2.69
,,5/7/2018,2.7101,6/1/2018,2.68
,,5/4/2018,2.75,5/31/2018,2.73
,,5/3/2018,2.6909,5/30/2018,2.67
,,5/2/2018,2.7328,5/29/2018,2.67
,,5/1/2018,2.7491,5/25/2018,2.7
,,4/30/2018,2.75,5/24/2018,2.71
,,4/27/2018,2.82,5/23/2018,2.74
,,4/26/2018,2.8053,5/22/2018,2.66
,,4/25/2018,2.7905,5/21/2018,2.54
,,4/24/2018,2.7724,5/18/2018,2.46
,,4/23/2018,2.7393,5/17/2018,2.39
,,4/20/2018,2.78,5/16/2018,2.49
,,4/19/2018,2.7698,5/15/2018,2.62
,,4/18/2018,2.8433,5/14/2018,2.54
,,4/17/2018,2.845,5/11/2018,2.36
,,4/16/2018,2.8215,5/10/2018,2.43
,,4/13/2018,2.82,5/9/2018,2.41
,,4/12/2018,2.7096,5/8/2018,2.39
,,4/11/2018,2.6943,5/7/2018,2.42
,,4/10/2018,2.6914,5/4/2018,2.26
,,4/9/2018,2.7132,5/3/2018,2.4
,,4/6/2018,2.7294,5/2/2018,2.37
,,4/5/2018,2.73,5/1/2018,2.4
,,4/4/2018,2.771,4/30/2018,2.38
,,4/3/2018,2.68,4/27/2018,2.54
,,4/2/2018,2.7179,4/26/2018,2.62
,,3/29/2018,2.81,4/25/2018,2.61
,,3/28/2018,2.64,4/24/2018,2.64
,,3/27/2018,2.602,4/23/2018,2.61
,,3/26/2018,2.57,4/20/2018,2.57
,,3/23/2018,2.58,4/19/2018,2.7
,,3/22/2018,2.618,4/18/2018,3.23
,,3/21/2018,2.6583,4/17/2018,3.74
,,3/20/2018,2.71,4/16/2018,3.61
,,3/19/2018,2.68,4/13/2018,2.83
,,3/16/2018,2.62,4/12/2018,2.52
,,3/15/2018,2.7,4/11/2018,2.57
,,3/14/2018,2.69,4/10/2018,2.58
,,3/13/2018,2.78,4/9/2018,2.72
,,3/12/2018,2.78,4/5/2018,2.95
,,3/9/2018,2.71,4/4/2018,2.9
,,3/8/2018,2.78,4/3/2018,2.7
,,3/7/2018,2.8,4/2/2018,2.68
,,3/6/2018,2.7294,3/29/2018,2.66
,,3/5/2018,2.7,3/28/2018,2.4
,,3/2/2018,2.7,3/27/2018,2.42
,,3/1/2018,2.67,3/26/2018,2.39
,,2/28/2018,2.66,3/23/2018,2.42
,,2/27/2018,2.59,3/22/2018,2.48
,,2/26/2018,2.6,3/21/2018,2.58
,,2/23/2018,2.58,3/20/2018,2.55
,,2/22/2018,2.64,3/19/2018,2.49
,,2/21/2018,2.67,3/16/2018,2.45
,,2/20/2018,2.63,3/15/2018,2.54
,,2/16/2018,2.53,3/14/2018,2.55
,,2/15/2018,2.52,3/13/2018,2.64
,,2/14/2018,2.53,3/12/2018,2.64
,,2/13/2018,2.59,3/9/2018,2.5
,,2/12/2018,2.6,3/8/2018,2.56
,,2/9/2018,2.66,3/7/2018,2.64
,,2/8/2018,2.72,3/6/2018,2.61
,,2/7/2018,2.73,3/5/2018,2.49
,,2/6/2018,2.78,3/2/2018,2.43
,,2/5/2018,2.85,3/1/2018,2.41
,,2/2/2018,2.83,2/28/2018,2.41
,,2/1/2018,3.06,2/27/2018,2.36
,,1/31/2018,3.34,2/26/2018,2.42
,,1/30/2018,3.61,2/23/2018,2.4
,,1/29/2018,3.59,2/22/2018,2.53
,,1/26/2018,3.58,2/21/2018,2.57
,,1/25/2018,3.63,2/20/2018,2.56
,,1/24/2018,3.54,2/16/2018,2.42
,,1/23/2018,3.35,2/15/2018,2.45
,,1/22/2018,3.14,2/14/2018,2.44
,,1/19/2018,3.2,2/13/2018,2.46
,,1/18/2018,3.54,2/12/2018,2.46
,,1/17/2018,3.92,2/9/2018,2.59
,,1/16/2018,5.46,2/8/2018,2.73
,,1/12/2018,4.06,2/7/2018,2.68
,,1/11/2018,3.3,2/6/2018,2.7
,,1/10/2018,3.16,2/5/2018,2.74
,,1/9/2018,2.93,2/2/2018,2.78
,,1/8/2018,2.89,2/1/2018,2.88
,,1/5/2018,2.9299,1/31/2018,3.1
,,1/4/2018,4.3847,1/30/2018,3.16
,,1/3/2018,6.8,1/29/2018,3.23
,,1/2/2018,7.1346,1/26/2018,3.25
,,12/29/2017,3.5396,1/25/2018,3.12
,,12/28/2017,2.9645,1/24/2018,3.26
,,12/27/2017,2.7543,1/23/2018,3.1
,,12/26/2017,2.6977,1/22/2018,2.91
,,12/22/2017,2.6119,1/19/2018,2.95
,,12/21/2017,2.6021,1/18/2018,3.02
,,12/20/2017,2.697,1/17/2018,3.32
,,12/19/2017,2.7406,1/16/2018,3.93
,,12/18/2017,2.7071,1/12/2018,3.86
,,12/15/2017,2.6202,1/11/2018,3.23
,,12/14/2017,2.6658,1/10/2018,3.03
,,12/13/2017,2.673,1/9/2018,2.84
,,12/12/2017,2.8063,1/8/2018,2.84
,,12/11/2017,2.7952,1/5/2018,3.69
,,12/8/2017,2.7465,1/4/2018,6.77
,,12/7/2017,2.8034,1/3/2018,6.3454
,,12/6/2017,2.9181,1/2/2018,8.95
,,12/5/2017,2.8624,12/29/2017,4.7386
,,12/4/2017,2.9011,12/28/2017,3.97
,,12/1/2017,2.8404,12/27/2017,3.16
,,11/30/2017,2.9417,12/26/2017,2.93
,,11/29/2017,3.09,12/22/2017,2.67
,,11/28/2017,2.909,12/21/2017,2.54
,,11/27/2017,2.8166,12/20/2017,2.63
,,11/22/2017,2.9267,12/19/2017,2.72
,,11/21/2017,3.047,12/18/2017,2.67
,,11/20/2017,3.0503,12/15/2017,2.56
,,11/17/2017,3.0524,12/14/2017,2.61
,,11/16/2017,3.0536,12/13/2017,2.62
,,11/15/2017,3.1139,12/12/2017,2.74
,,11/14/2017,3.0833,12/11/2017,2.77
,,11/13/2017,3.1183,12/8/2017,2.65
,,11/10/2017,3.1444,12/7/2017,2.69
,,11/9/2017,3.1825,12/6/2017,2.89
,,11/8/2017,3.1518,12/5/2017,2.78
,,11/7/2017,3.0771,12/4/2017,2.84
,,11/6/2017,3.0278,12/1/2017,2.7
,,11/3/2017,2.7365,11/30/2017,2.79
,,11/2/2017,2.686,11/29/2017,2.993
,,11/1/2017,2.6438,11/28/2017,2.84
,,10/31/2017,2.8,11/27/2017,2.6963
,,10/30/2017,2.8706,11/24/2017,2.84
,,10/27/2017,2.7822,11/22/2017,2.84
,,10/26/2017,2.8858,11/21/2017,3.03
,,10/25/2017,2.9339,11/20/2017,3.02
,,10/24/2017,2.9242,11/17/2017,2.99
,,10/23/2017,2.9379,11/16/2017,3.0272
,,10/20/2017,2.7659,11/15/2017,3.08
,,10/19/2017,2.8123,11/14/2017,2.99
,,10/18/2017,2.8141,11/13/2017,3.1
,,10/17/2017,2.8898,11/10/2017,3.15
,,10/16/2017,2.8722,11/9/2017,3.27
,,10/13/2017,3.0126,11/8/2017,3.32
,,10/12/2017,2.9133,11/7/2017,3.08
,,10/11/2017,2.9271,11/6/2017,3.04
,,10/10/2017,2.8985,11/3/2017,2.8
,,10/9/2017,2.87,11/2/2017,2.78
,,10/6/2017,2.92,11/1/2017,2.68
,,10/5/2017,2.9078,10/31/2017,2.71
,,10/4/2017,2.8127,10/30/2017,3.05
,,10/3/2017,2.7249,10/27/2017,2.84
,,10/2/2017,2.8056,10/26/2017,2.93
,,9/29/2017,2.8861,10/25/2017,2.95
,,9/28/2017,2.9222,10/24/2017,3.02
,,9/27/2017,2.9537,10/23/2017,2.95
,,9/26/2017,2.9506,10/20/2017,2.63
,,9/25/2017,2.9656,10/19/2017,2.69
,,9/22/2017,2.9448,10/18/2017,2.77
,,9/21/2017,3.1054,10/17/2017,2.77
,,9/20/2017,3.1405,10/16/2017,2.78
,,9/19/2017,3.1366,10/13/2017,2.74
,,9/18/2017,3.1032,10/12/2017,2.76
,,9/15/2017,2.9857,10/11/2017,2.76
,,9/14/2017,3.0362,10/10/2017,2.7541
,,9/13/2017,2.9877,10/9/2017,2.7
,,9/12/2017,2.893,10/6/2017,2.7
,,9/11/2017,2.847,10/5/2017,2.81
,,9/8/2017,2.8259,10/4/2017,2.73
,,9/7/2017,2.8772,10/3/2017,2.55
,,9/6/2017,2.9304,10/2/2017,2.64
,,9/5/2017,2.8638,9/29/2017,2.69
,,9/1/2017,2.9036,9/28/2017,2.78
,,8/31/2017,2.8944,9/27/2017,2.85
,,8/30/2017,2.8666,9/26/2017,2.88
,,8/29/2017,2.8848,9/25/2017,2.95
,,8/28/2017,2.9253,9/22/2017,2.86
,,8/25/2017,2.9309,9/21/2017,2.92
,,8/24/2017,2.9651,9/20/2017,3.03
,,8/23/2017,2.9236,9/19/2017,3.02
,,8/22/2017,3.0078,9/18/2017,2.97
,,8/21/2017,2.9767,9/15/2017,2.8
,,8/18/2017,2.8864,9/14/2017,2.95
,,8/17/2017,2.8752,9/13/2017,2.96
,,8/16/2017,2.8907,9/12/2017,2.91
,,8/15/2017,2.9268,9/11/2017,2.84
,,8/14/2017,2.964,9/8/2017,2.71
,,8/11/2017,2.9146,9/7/2017,2.78
,,8/10/2017,2.8738,9/6/2017,2.84
,,8/9/2017,2.8548,9/5/2017,2.79
,,8/8/2017,2.7747,9/1/2017,2.8298
,,8/7/2017,2.7495,8/31/2017,2.7886
,,8/4/2017,2.7563,8/30/2017,2.7844
,,8/3/2017,2.7768,8/29/2017,2.8047
,,8/2/2017,2.7702,8/28/2017,2.86
,,8/1/2017,2.7516,8/25/2017,2.83
,,7/31/2017,2.8361,8/24/2017,2.86
,,7/28/2017,2.9185,8/23/2017,2.82
,,7/27/2017,2.9225,8/22/2017,2.9352
,,7/26/2017,2.9241,8/21/2017,2.85
,,7/25/2017,2.9617,8/18/2017,2.8
,,7/24/2017,2.9614,8/17/2017,2.79
,,7/21/2017,3.0265,8/16/2017,2.83
,,7/20/2017,3.1019,8/15/2017,2.88
,,7/19/2017,3.1012,8/14/2017,2.86
,,7/18/2017,3.0857,8/11/2017,2.84
,,7/17/2017,3.0204,8/10/2017,2.8
,,7/14/2017,2.929,8/9/2017,2.77
,,7/13/2017,2.9388,8/8/2017,2.7
,,7/12/2017,2.9759,8/7/2017,2.7
,,7/11/2017,2.9895,8/4/2017,2.71
,,7/10/2017,2.9111,8/3/2017,2.74
,,7/7/2017,2.8888,8/2/2017,2.76
,,7/6/2017,2.8763,8/1/2017,2.72
,,7/5/2017,2.8977,7/31/2017,2.8
,,7/3/2017,2.8933,7/28/2017,2.78
,,6/30/2017,2.9439,7/27/2017,2.79
,,6/29/2017,3.0045,7/26/2017,2.79
,,6/28/2017,3.03,7/25/2017,2.82
,,6/27/2017,2.979,7/24/2017,2.8154
,,6/26/2017,2.9771,7/21/2017,2.86
,,6/23/2017,2.8599,7/20/2017,3.02
,,6/22/2017,2.8504,7/19/2017,3.01
,,6/21/2017,2.8812,7/18/2017,2.97
,,6/20/2017,2.866,7/17/2017,2.91
,,6/19/2017,2.8585,7/14/2017,2.81
,,6/16/2017,2.969,7/13/2017,2.81
,,6/15/2017,2.9217,7/12/2017,2.87
,,6/14/2017,2.9004,7/11/2017,2.88
,,6/13/2017,3.0101,7/10/2017,2.78
,,6/12/2017,3.08,7/7/2017,2.72
,,6/9/2017,2.9762,7/6/2017,2.72
,,6/8/2017,2.9434,7/5/2017,2.76
,,6/7/2017,2.9937,6/30/2017,2.6725
,,6/6/2017,2.9562,6/29/2017,2.83
,,6/5/2017,2.9078,6/28/2017,2.86
,,6/2/2017,2.86,6/27/2017,2.83
,,6/1/2017,2.9329,6/26/2017,2.77
,,5/31/2017,3,6/23/2017,2.67
,,5/30/2017,3.0522,6/22/2017,2.73
,,5/26/2017,3.1014,6/21/2017,2.78
,,5/25/2017,3.0633,6/20/2017,2.76
,,5/24/2017,3.1054,6/19/2017,2.77
,,5/23/2017,3.1998,6/16/2017,2.85
,,5/22/2017,3.2073,6/15/2017,2.77
,,5/19/2017,3.0867,6/14/2017,2.81
,,5/18/2017,3.1322,6/13/2017,2.84
,,5/17/2017,3.162,6/12/2017,2.94
,,5/16/2017,3.2276,6/9/2017,2.85
,,5/15/2017,3.267,6/8/2017,2.83
,,5/12/2017,3.2473,6/7/2017,2.85
,,5/11/2017,3.1969,6/6/2017,2.83
,,5/10/2017,3.1098,6/5/2017,2.82
,,5/9/2017,3.0335,6/2/2017,2.67
,,5/8/2017,3.0344,6/1/2017,2.72
,,5/5/2017,3.08,5/31/2017,2.8
,,5/4/2017,3.0688,5/30/2017,2.893
,,5/3/2017,3.0883,5/26/2017,2.99
,,5/2/2017,3.1134,5/25/2017,3.02
,,5/1/2017,3.1683,5/24/2017,3.02
,,4/28/2017,3.1666,5/23/2017,3.13
,,4/27/2017,3.0728,5/22/2017,3.08
,,4/26/2017,3.0205,5/19/2017,3.07
,,4/25/2017,2.9578,5/18/2017,3.0071
,,4/24/2017,2.9803,5/17/2017,3.05
,,4/21/2017,3.039,5/16/2017,3.05
,,4/20/2017,3.1054,5/15/2017,3.09
,,4/19/2017,3.1234,5/12/2017,3.12
,,4/18/2017,3.0609,5/11/2017,3.12
,,4/17/2017,3.0616,5/10/2017,3.09
,,4/13/2017,2.9895,5/9/2017,2.97
,,4/12/2017,2.9941,5/8/2017,2.92
,,4/11/2017,3.0785,5/5/2017,2.98
,,4/10/2017,3.1533,5/4/2017,2.94
,,4/7/2017,3.1941,5/3/2017,2.93
,,4/6/2017,3.2252,5/2/2017,2.96
,,4/5/2017,3.2126,5/1/2017,2.99
,,4/4/2017,3.0705,4/28/2017,2.93
,,4/3/2017,3.0526,4/27/2017,2.92
,,3/31/2017,3.0998,4/26/2017,2.93
,,3/30/2017,3.0714,4/25/2017,2.84
,,3/29/2017,3.11,4/24/2017,2.82
,,3/28/2017,2.9312,4/21/2017,2.88
,,3/27/2017,2.9506,4/20/2017,2.96
,,3/24/2017,2.98,4/19/2017,2.96
,,3/23/2017,2.9333,4/18/2017,2.96
,,3/22/2017,2.9808,4/17/2017,2.99
,,3/21/2017,3.0603,4/13/2017,2.9
,,3/20/2017,2.9194,4/12/2017,2.97
,,3/17/2017,2.87,4/11/2017,2.93
,,3/16/2017,2.87,4/10/2017,3.03
,,3/15/2017,3.0045,4/7/2017,3.06
,,3/14/2017,3.0366,4/6/2017,3.13
,,3/13/2017,3.07,4/5/2017,3.24
,,3/10/2017,2.9813,4/4/2017,3.16
,,3/9/2017,2.8291,4/3/2017,3.03
,,3/8/2017,2.6878,3/31/2017,2.97
,,3/7/2017,2.66,3/30/2017,2.95
,,3/6/2017,2.6795,3/29/2017,2.96
,,3/3/2017,2.5041,3/28/2017,2.86
,,3/2/2017,2.5871,3/27/2017,2.87
,,3/1/2017,2.5957,3/24/2017,2.8
,,2/28/2017,2.515,3/23/2017,2.82
,,2/27/2017,2.4386,3/22/2017,2.89
,,2/24/2017,2.4835,3/21/2017,2.99
,,2/23/2017,2.601,3/20/2017,2.8846
,,2/22/2017,2.5304,3/17/2017,2.7588
,,2/21/2017,2.5162,3/16/2017,2.7692
,,2/17/2017,2.7433,3/15/2017,2.92
,,2/16/2017,2.8178,3/14/2017,3.03
,,2/15/2017,2.9163,3/13/2017,3.04
,,2/14/2017,2.92,3/10/2017,2.96
,,2/13/2017,2.9119,3/9/2017,2.91
,,2/10/2017,2.9261,3/8/2017,2.87
,,2/9/2017,3.096,3/7/2017,2.62
,,2/8/2017,3.0495,3/6/2017,2.67
,,2/7/2017,3.0356,3/3/2017,2.57
,,2/6/2017,2.9248,3/2/2017,2.64
,,2/3/2017,3.0006,3/1/2017,2.74
,,2/2/2017,3.0981,2/28/2017,2.54
,,2/1/2017,3.1177,2/27/2017,2.49
,,1/31/2017,3.0047,2/24/2017,2.48
,,1/30/2017,3.1954,2/23/2017,2.53
,,1/27/2017,3.2904,2/22/2017,2.49
,,1/26/2017,3.4194,2/21/2017,2.65
,,1/25/2017,3.2545,2/17/2017,2.66
,,1/24/2017,3.249,2/16/2017,2.75
,,1/23/2017,3.1464,2/15/2017,2.88
,,1/20/2017,3.2069,2/14/2017,2.85
,,1/19/2017,3.2148,2/13/2017,2.87
,,1/18/2017,3.2531,2/10/2017,2.84
,,1/17/2017,3.3057,2/9/2017,3.02
,,1/13/2017,3.3611,2/8/2017,3.05
,,1/12/2017,3.3202,2/7/2017,3.04
,,1/11/2017,3.2783,2/6/2017,2.8776
,,1/10/2017,3.2104,2/3/2017,2.93
,,1/9/2017,3.1198,2/2/2017,3.06
,,1/6/2017,3.3261,2/1/2017,3.11
,,1/5/2017,3.2959,1/31/2017,3.0154
,,1/4/2017,3.3734,1/30/2017,3.11
,,1/3/2017,3.3902,1/27/2017,3.2
,,12/30/2016,3.682,1/26/2017,3.3357
,,12/29/2016,3.6811,1/25/2017,3.21
,,12/28/2016,3.6606,1/24/2017,3.19
,,12/27/2016,3.672,1/23/2017,3.09
,,12/23/2016,3.5882,1/20/2017,3.13
,,12/22/2016,3.5671,1/19/2017,3.1
,,12/21/2016,3.4787,1/18/2017,3.21
,,12/20/2016,3.36,1/17/2017,3.22
,,12/19/2016,3.5239,1/13/2017,3.2991
,,12/16/2016,3.4612,1/12/2017,3.34
,,12/15/2016,3.5508,1/11/2017,3.3
,,12/14/2016,3.5166,1/10/2017,3.1916
,,12/13/2016,3.6029,1/9/2017,3.11
,,12/12/2016,3.568,1/6/2017,3.3
,,12/9/2016,3.7502,1/5/2017,3.3169
,,12/8/2016,3.6594,1/4/2017,3.4869
,,12/7/2016,3.7628,1/3/2017,3.59
,,12/6/2016,3.7087,12/30/2016,3.6266
,,12/5/2016,3.602,12/29/2016,3.64
,,12/2/2016,3.4053,12/28/2016,3.67
,,12/1/2016,3.4171,12/27/2016,3.57
,,11/30/2016,3.295,12/23/2016,3.54
,,11/29/2016,3.0357,12/22/2016,3.56
,,11/28/2016,2.9141,12/21/2016,3.49
,,11/23/2016,2.7395,12/20/2016,3.32
,,11/22/2016,2.7436,12/19/2016,3.5
,,11/21/2016,2.7988,12/16/2016,3.85
,,11/18/2016,2.5813,12/15/2016,3.62
,,11/17/2016,2.3365,12/14/2016,3.79
,,11/16/2016,2.5323,12/13/2016,3.85
,,11/15/2016,2.4896,12/12/2016,3.65
,,11/14/2016,2.2231,12/9/2016,3.85
,,11/11/2016,2.0286,12/8/2016,3.7
,,11/10/2016,2.0783,12/7/2016,3.83
,,11/9/2016,2.2198,12/6/2016,3.78
,,11/8/2016,2.3173,12/5/2016,3.64
,,11/7/2016,2.3324,12/2/2016,3.38
,,11/4/2016,2.1936,12/1/2016,3.37
,,11/3/2016,2.3581,11/30/2016,3.27
,,11/2/2016,2.2677,11/29/2016,3.12
,,11/1/2016,2.5322,11/28/2016,2.96
,,10/31/2016,2.79,11/25/2016,2.6604
,,10/28/2016,2.654,11/23/2016,2.7
,,10/27/2016,2.6856,11/22/2016,2.76
,,10/26/2016,2.6795,11/21/2016,2.81
,,10/25/2016,2.6704,11/18/2016,2.55
,,10/24/2016,2.7551,11/17/2016,2.28
,,10/21/2016,2.887,11/16/2016,2.39
,,10/20/2016,3.0909,11/15/2016,2.39
,,10/19/2016,3.1429,11/14/2016,2.23
,,10/18/2016,3.2159,11/11/2016,1.99
,,10/17/2016,3.1642,11/10/2016,2.01
,,10/14/2016,3.1295,11/9/2016,2.12
,,10/13/2016,3.1587,11/8/2016,2.24
,,10/12/2016,3.2,11/7/2016,2.27
,,10/11/2016,3.1401,11/4/2016,2.09
,,10/10/2016,3.1405,11/3/2016,2.25
,,10/7/2016,2.966,11/2/2016,2.18
,,10/6/2016,2.9901,11/1/2016,2.25
,,10/5/2016,2.8598,10/31/2016,2.56
,,10/4/2016,2.8306,10/28/2016,2.56
,,10/3/2016,2.8124,10/27/2016,2.66
,,9/30/2016,2.8389,10/26/2016,2.79
,,9/29/2016,2.9472,10/25/2016,2.74
,,9/28/2016,2.9781,10/24/2016,2.74
,,9/27/2016,3.0315,10/21/2016,2.8
,,9/26/2016,3.0456,10/20/2016,3.07
,,9/23/2016,3.0321,10/19/2016,3.15
,,9/22/2016,3.1382,10/18/2016,3.21
,,9/21/2016,3.1406,10/17/2016,3.02
,,9/20/2016,3.0817,10/14/2016,2.91
,,9/19/2016,2.9712,10/13/2016,2.98
,,9/16/2016,2.9354,10/12/2016,3.09
,,9/15/2016,2.9493,10/11/2016,3.04
,,9/14/2016,3.03,10/10/2016,2.98
,,9/13/2016,3.07,10/7/2016,2.84
,,9/12/2016,2.9944,10/6/2016,2.94
,,9/9/2016,2.9208,10/5/2016,2.8
,,9/8/2016,2.8375,10/4/2016,2.74
,,9/7/2016,2.8172,10/3/2016,2.73
,,9/6/2016,2.8169,9/30/2016,2.64
,,9/2/2016,2.8539,9/29/2016,2.84
,,9/1/2016,2.9158,9/28/2016,2.85
,,8/31/2016,2.9429,9/27/2016,2.94
,,8/30/2016,2.9243,9/26/2016,2.96
,,8/29/2016,2.9481,9/23/2016,2.95
,,8/26/2016,2.8772,9/22/2016,3.05
,,8/25/2016,2.8609,9/21/2016,3.09
,,8/24/2016,2.7717,9/20/2016,3.06
,,8/23/2016,2.7128,9/19/2016,2.97
,,8/22/2016,2.7354,9/16/2016,2.89
,,8/19/2016,2.6405,9/15/2016,2.83
,,8/18/2016,2.7135,9/14/2016,2.92
,,8/17/2016,2.7074,9/13/2016,2.93
,,8/16/2016,2.7121,9/12/2016,2.9198
,,8/15/2016,2.7065,9/9/2016,2.82
,,8/12/2016,2.6992,9/8/2016,2.8
,,8/11/2016,2.6667,9/7/2016,2.8
,,8/10/2016,2.7333,9/6/2016,2.78
,,8/9/2016,2.7499,9/2/2016,2.76
,,8/8/2016,2.8266,9/1/2016,2.85
,,8/5/2016,2.8463,8/31/2016,2.88
,,8/4/2016,2.8877,8/30/2016,2.96
,,8/3/2016,2.8824,8/29/2016,2.96
,,8/2/2016,2.7859,8/26/2016,2.81
,,8/1/2016,2.8676,8/25/2016,2.81
,,7/29/2016,2.9435,8/24/2016,2.75
,,7/28/2016,2.7644,8/23/2016,2.66
,,7/27/2016,2.7984,8/22/2016,2.63
,,7/26/2016,2.7155,8/19/2016,2.56
,,7/25/2016,2.8092,8/18/2016,2.6639
,,7/22/2016,2.7756,8/17/2016,2.64
,,7/21/2016,2.7023,8/16/2016,2.65
,,7/20/2016,2.7219,8/15/2016,2.65
,,7/19/2016,2.8057,8/12/2016,2.6578
,,7/18/2016,2.8086,8/11/2016,2.64
,,7/15/2016,2.6661,8/10/2016,2.68
,,7/14/2016,2.7733,8/9/2016,2.71
,,7/13/2016,2.8092,8/8/2016,2.7353
,,7/12/2016,2.7514,8/5/2016,2.76
,,7/11/2016,2.8453,8/4/2016,2.83
,,7/8/2016,2.7672,8/3/2016,2.86
,,7/7/2016,2.8554,8/2/2016,2.75
,,7/6/2016,2.7506,8/1/2016,2.81
,,7/5/2016,2.8195,7/29/2016,2.86
,,7/1/2016,2.8757,7/28/2016,2.6895
,,6/30/2016,2.8991,7/27/2016,2.76
,,6/29/2016,2.9302,7/26/2016,2.67
,,6/28/2016,2.861,7/25/2016,2.7
,,6/27/2016,2.7581,7/22/2016,2.76
,,6/24/2016,2.6733,7/21/2016,2.67
,,6/23/2016,2.6847,7/20/2016,2.73
,,6/22/2016,2.7774,7/19/2016,2.7619
,,6/21/2016,2.7615,7/18/2016,2.82
,,6/20/2016,2.7324,7/15/2016,2.63
,,6/17/2016,2.5815,7/14/2016,2.66
,,6/16/2016,2.6078,7/13/2016,2.73
,,6/15/2016,2.6206,7/12/2016,2.72
,,6/14/2016,2.5229,7/11/2016,2.75
,,6/13/2016,2.5235,7/8/2016,2.6542
,,6/10/2016,2.4174,7/7/2016,2.79
,,6/9/2016,2.3097,7/6/2016,2.65
,,6/8/2016,2.3271,7/5/2016,2.72
,,6/7/2016,2.2867,7/1/2016,2.7393
,,6/6/2016,2.3184,6/30/2016,2.8
,,6/3/2016,2.3116,6/29/2016,2.86
,,6/2/2016,2.3,6/28/2016,2.8
,,6/1/2016,2.2554,6/27/2016,2.7
,,5/31/2016,2.092,6/24/2016,2.6
,,5/27/2016,1.7721,6/23/2016,2.63
,,5/26/2016,1.7485,6/22/2016,2.7225
,,5/25/2016,1.7665,6/21/2016,2.74
,,5/24/2016,1.905,6/20/2016,2.67
,,5/23/2016,1.9533,6/17/2016,2.54
,,5/20/2016,1.8104,6/16/2016,2.49
,,5/19/2016,1.8251,6/15/2016,2.53
,,5/18/2016,1.909,6/14/2016,2.47
,,5/17/2016,1.96,6/13/2016,2.47
,,5/16/2016,1.906,6/10/2016,2.38
,,5/13/2016,1.9597,6/9/2016,2.25
,,5/12/2016,2.0051,6/8/2016,2.26
,,5/11/2016,2.0128,6/7/2016,2.22
,,5/10/2016,2.04,6/6/2016,2.23
,,5/9/2016,1.9703,6/3/2016,2.2
,,5/6/2016,1.84,6/2/2016,2.19
,,5/5/2016,2.0476,6/1/2016,2.2264
,,5/4/2016,1.9969,5/31/2016,2.05
,,5/3/2016,1.9208,5/27/2016,1.8614
,,5/2/2016,1.9084,5/26/2016,1.8199
,,4/29/2016,1.9081,5/25/2016,1.7648
,,4/28/2016,1.8926,5/24/2016,1.8615
,,4/27/2016,1.8808,5/23/2016,1.86
,,4/26/2016,1.8765,5/20/2016,1.76
,,4/25/2016,1.9778,5/19/2016,1.74
,,4/22/2016,1.8993,5/18/2016,1.79
,,4/21/2016,1.939,5/17/2016,1.96
,,4/20/2016,2.0155,5/16/2016,1.9075
,,4/19/2016,1.8996,5/13/2016,1.92
,,4/18/2016,1.766,5/12/2016,2
,,4/15/2016,1.7175,5/11/2016,2.0109
,,4/14/2016,1.9217,5/10/2016,2.01
,,4/13/2016,1.9805,5/9/2016,1.98
,,4/12/2016,1.9418,5/6/2016,1.89
,,4/11/2016,1.8733,5/5/2016,2.04
,,4/8/2016,2.0008,5/4/2016,2.11
,,4/7/2016,1.9345,5/3/2016,2.06
,,4/6/2016,1.8625,5/2/2016,1.98
,,4/5/2016,1.8967,4/29/2016,1.9374
,,4/4/2016,1.9545,4/28/2016,1.94
,,4/1/2016,1.8295,4/27/2016,1.93
,,3/31/2016,1.9548,4/26/2016,1.92
,,3/30/2016,1.8375,4/25/2016,1.96
,,3/29/2016,1.77,4/22/2016,1.9
,,3/28/2016,1.735,4/21/2016,1.94
,,3/24/2016,1.755,4/20/2016,1.9771
,,3/23/2016,1.81,4/19/2016,1.92
,,3/22/2016,1.7546,4/18/2016,1.73
,,3/21/2016,1.7608,4/15/2016,1.682
,,3/18/2016,1.8382,4/14/2016,1.88
,,3/17/2016,1.819,4/13/2016,1.92
,,3/16/2016,1.7361,4/12/2016,1.9
,,3/15/2016,1.7772,4/11/2016,1.91
,,3/14/2016,1.6835,4/8/2016,1.9886
,,3/11/2016,1.7225,4/7/2016,1.97
,,3/10/2016,1.6963,4/6/2016,1.92
,,3/9/2016,1.5734,4/5/2016,1.97
,,3/8/2016,1.5489,4/4/2016,2.0172
,,3/7/2016,1.5222,4/1/2016,1.98
,,3/4/2016,1.4927,3/31/2016,1.99
,,3/3/2016,1.5566,3/30/2016,2.01
,,3/2/2016,1.5857,3/29/2016,1.89
,,3/1/2016,1.5675,3/28/2016,1.85
,,2/29/2016,1.6164,3/24/2016,1.85
,,2/26/2016,1.6648,3/23/2016,1.8964
,,2/25/2016,1.7652,3/22/2016,1.94
,,2/24/2016,1.7931,3/21/2016,2.02
,,2/23/2016,1.828,3/18/2016,2
,,2/22/2016,1.8415,3/17/2016,1.98
,,2/19/2016,1.8083,3/16/2016,1.94
,,2/18/2016,1.8736,3/15/2016,1.99
,,2/17/2016,1.9125,3/14/2016,1.87
,,2/16/2016,1.9187,3/11/2016,1.87
,,2/12/2016,2.0669,3/10/2016,1.83
,,2/11/2016,2.1219,3/9/2016,1.85
,,2/10/2016,2.128,3/8/2016,1.76
,,2/9/2016,2.167,3/7/2016,1.71
,,2/8/2016,2.2242,3/4/2016,1.68
,,2/5/2016,2.0866,3/3/2016,1.68
,,2/4/2016,2.0485,3/2/2016,1.7174
,,2/3/2016,2.0591,3/1/2016,1.73
,,2/2/2016,2.0351,2/29/2016,1.6737
,,2/1/2016,2.1838,2/26/2016,1.75
,,1/29/2016,2.2517,2/25/2016,1.7639
,,1/28/2016,2.1163,2/24/2016,1.7986
,,1/27/2016,2.2384,2/23/2016,1.8605
,,1/26/2016,2.2288,2/22/2016,1.8507
,,1/25/2016,2.1413,2/19/2016,1.92
,,1/22/2016,2.2166,2/18/2016,1.98
,,1/21/2016,2.2037,2/17/2016,1.9094
,,1/20/2016,2.1419,2/16/2016,1.9029
,,1/19/2016,2.2154,2/12/2016,2.0473
,,1/15/2016,2.1816,2/11/2016,2.17
,,1/14/2016,2.1925,2/10/2016,2.17
,,1/13/2016,2.3023,2/9/2016,2.21
,,1/12/2016,2.3826,2/8/2016,2.24
,,1/11/2016,2.5259,2/5/2016,2.0898
,,1/8/2016,2.4695,2/4/2016,2.05
,,1/7/2016,2.3462,2/3/2016,2.072
,,1/6/2016,2.3499,2/2/2016,2.0533
,,1/5/2016,2.3239,2/1/2016,2.21
,,1/4/2016,2.3857,1/29/2016,2.29
,,12/31/2015,2.3124,1/28/2016,2.09
,,12/30/2015,2.2698,1/27/2016,2.23
,,12/29/2015,2.3669,1/26/2016,2.22
,,12/28/2015,2.0834,1/25/2016,2.18
,,12/24/2015,1.5284,1/22/2016,2.1836
,,12/23/2015,1.6248,1/21/2016,2.22
,,12/22/2015,1.7438,1/20/2016,2.2
,,12/21/2015,1.7058,1/19/2016,2.29
,,12/18/2015,1.6996,1/15/2016,2.34
,,12/17/2015,1.7472,1/14/2016,2.29
,,12/16/2015,1.6788,1/13/2016,2.32
,,12/15/2015,1.645,1/12/2016,2.405
,,12/14/2015,1.687,1/11/2016,2.58
,,12/11/2015,1.7702,1/8/2016,2.61
,,12/10/2015,1.9083,1/7/2016,2.4
,,12/9/2015,1.9983,1/6/2016,2.42
,,12/8/2015,1.9784,1/5/2016,2.37
,,12/7/2015,2.0333,1/4/2016,2.46
,,12/4/2015,2.0867,12/31/2015,2.4471
,,12/3/2015,2.1134,12/30/2015,2.3746
,,12/2/2015,2.1728,12/29/2015,2.54
,,12/1/2015,2.1473,12/28/2015,2.2748
,,,,12/24/2015,1.687
,,,,12/23/2015,1.73
,,,,12/22/2015,1.792
,,,,12/21/2015,1.8559
,,,,12/18/2015,1.7999
,,,,12/17/2015,2.06
,,,,12/16/2015,1.8481
,,,,12/15/2015,1.7416
,,,,12/14/2015,1.8166
,,,,12/11/2015,1.75
,,,,12/10/2015,1.92
,,,,12/9/2015,2
,,,,12/8/2015,1.9988
,,,,12/7/2015,2.04
,,,,12/4/2015,2.11
,,,,12/3/2015,2.08
,,,,12/2/2015,2.19
,,,,12/1/2015,2.23
